date, request
2025-09-03 13:19:28.914237767 +0200 CEST m=+0.562285630,/?wtd=KCEg5aBna9DAoL64
2025-09-03 13:19:28.935459228 +0200 CEST m=+0.583507043,/documentation
2025-09-03 13:19:28.987233033 +0200 CEST m=+0.635280849,/resources/themes/bootstrap/5/main.css
2025-09-03 13:19:28.987562125 +0200 CEST m=+0.635609940,/resources/moz-transitions.css
2025-09-03 13:19:28.987919521 +0200 CEST m=+0.635967337,/resources/themes/default/wt.css
2025-09-03 13:19:28.989241388 +0200 CEST m=+0.637289202,/style/everywidget.css
2025-09-03 13:19:28.989343763 +0200 CEST m=+0.637391577,/style/dragdrop.css
2025-09-03 13:19:28.990036342 +0200 CEST m=+0.638084160,/style/combostyle.css
2025-09-03 13:19:28.990107578 +0200 CEST m=+0.638155394,/style/filedrop.css
2025-09-03 13:19:28.990146462 +0200 CEST m=+0.638194278,/style/pygments.css
2025-09-03 13:19:28.990342773 +0200 CEST m=+0.638390588,/style/form.css
2025-09-03 13:19:28.990793289 +0200 CEST m=+0.638841103,/resources/jPlayer/skin/jplayer.blue.monday.css
2025-09-03 13:19:28.991181825 +0200 CEST m=+0.639229641,/style/widgetgallery.css
2025-09-03 13:19:28.991207409 +0200 CEST m=+0.639255223,/style/style.css
2025-09-03 13:19:28.991412292 +0200 CEST m=+0.639460106,/jslib/v6.4.3-dist/ol.css
2025-09-03 13:19:28.992348819 +0200 CEST m=+0.640396637,/resources/themes/bootstrap/5/bootstrap.bundle.min.js
2025-09-03 13:19:28.993095334 +0200 CEST m=+0.641143151,/jslib/v6.4.3-dist/ol.js
2025-09-03 13:19:28.993559537 +0200 CEST m=+0.641607357,/jslib/proj4js-2.6.1/dist/proj4.js
2025-09-03 13:19:28.994124297 +0200 CEST m=+0.642172115,/jslib/proj4js-2.6.1/dist/proj4-src.js
2025-09-03 13:19:29.00560224 +0200 CEST m=+0.653650056,/img/forestimatorArt.jpg
2025-09-03 13:19:29.005701224 +0200 CEST m=+0.653749039,/img/ecogramme.png2025-09-03 13:19:29.005712769 +0200 CEST m=+0.653760584
,/img/popupLegende.png
2025-09-03 13:19:29.005738499 +0200 CEST m=+0.653786317,/img/importShp.png2025-09-03 13:19:29.006082992 +0200 CEST m=+0.654130810,/img/tableApt.png

2025-09-03 13:19:29.006548693 +0200 CEST m=+0.654596511,/resources/eye_visible.png
2025-09-03 13:19:29.115882582 +0200 CEST m=+0.763930397,/documentation?wtd=Ils09xiHlGj0VyqR&sid=2973814914&webGL=true&scrW=1920&scrH=965&tz=120&tzS=Europe%2FBrussels&htmlHistory=true&deployPath=%2F&request=script&rand=2453614752
2025-09-03 13:19:29.12386001 +0200 CEST m=+0.771907825,/resources/DJI_0497_navbar.JPG
2025-09-03 13:19:29.124663523 +0200 CEST m=+0.772711340,/resources/layers_filled_icon_149920.png
2025-09-03 13:19:29.125094671 +0200 CEST m=+0.773142487,/resources/problem_analysis_icon_149897.png
2025-09-03 13:19:29.125799477 +0200 CEST m=+0.773847291,/resources/user_icon_149851.png
2025-09-03 13:19:29.135630443 +0200 CEST m=+0.783678259,/favicon.ico
2025-09-03 13:19:29.178818957 +0200 CEST m=+0.826866776,/resources/ajax-loading.gif
2025-09-03 13:19:29.181380401 +0200 CEST m=+0.829428216,/documentation?wtd=Ils09xiHlGj0VyqR&request=resource&resource=o1snq24g&ver=1
2025-09-03 13:19:29.181740412 +0200 CEST m=+0.829788229,/resources/themes/bootstrap/5/nav-plus.gif
2025-09-03 13:19:29.182613144 +0200 CEST m=+0.830660961,/resources/themes/bootstrap/5/nav-minus.gif
2025-09-03 13:19:30.182336607 +0200 CEST m=+1.830384438,/?wtd=Ils09xiHlGj0VyqR
2025-09-03 13:19:30.196428813 +0200 CEST m=+1.844476637,/?wtd=Ils09xiHlGj0VyqR
2025-09-03 13:20:20.242382833 +0200 CEST m=+51.890430648,/?wtd=Ils09xiHlGj0VyqR
2025-09-03 13:20:20.682940079 +0200 CEST m=+52.330987922,/?wtd=Ils09xiHlGj0VyqR
2025-09-03 13:20:20.694480266 +0200 CEST m=+52.342528080,/?wtd=Ils09xiHlGj0VyqR
2025-09-03 13:20:22.406864345 +0200 CEST m=+54.054912185,/?wtd=Ils09xiHlGj0VyqR
2025-09-03 13:20:22.421534244 +0200 CEST m=+54.069582063,/?wtd=Ils09xiHlGj0VyqR
2025-09-03 13:20:24.017824672 +0200 CEST m=+55.665872486,/?wtd=Ils09xiHlGj0VyqR
2025-09-03 13:20:24.027002793 +0200 CEST m=+55.675050610,/?wtd=Ils09xiHlGj0VyqR
2025-09-03 13:20:25.854026447 +0200 CEST m=+57.502074269,/?wtd=Ils09xiHlGj0VyqR
2025-09-03 13:20:25.908693256 +0200 CEST m=+57.556741069,/?wtd=Ils09xiHlGj0VyqR
2025-09-03 13:20:27.042458172 +0200 CEST m=+58.690505986,/?wtd=Ils09xiHlGj0VyqR
2025-09-03 13:20:27.049268612 +0200 CEST m=+58.697316429,/?wtd=Ils09xiHlGj0VyqR
2025-09-03 13:20:29.113207231 +0200 CEST m=+60.761255039,/?wtd=Ils09xiHlGj0VyqR
2025-09-03 13:20:29.125189749 +0200 CEST m=+60.773237567,/?wtd=Ils09xiHlGj0VyqR
2025-09-03 13:20:29.786382328 +0200 CEST m=+61.434430148,/?wtd=Ils09xiHlGj0VyqR
2025-09-03 13:20:29.794147446 +0200 CEST m=+61.442195261,/img/dendroPLA.png
2025-09-03 13:20:29.806259391 +0200 CEST m=+61.454307206,/?wtd=Ils09xiHlGj0VyqR
2025-09-03 13:20:30.49898505 +0200 CEST m=+62.147032863,/?wtd=Ils09xiHlGj0VyqR
2025-09-03 13:20:30.506467618 +0200 CEST m=+62.154515436,/img/scoMM.png
2025-09-03 13:20:30.507350016 +0200 CEST m=+62.155397830,/img/typographe.jpeg
2025-09-03 13:20:30.524375649 +0200 CEST m=+62.172423464,/?wtd=Ils09xiHlGj0VyqR
2025-09-03 13:20:30.528610513 +0200 CEST m=+62.176658328,/video/Argonne-illuCriseSco.mp4
2025-09-03 13:20:30.548534691 +0200 CEST m=+62.196582508,/video/Argonne-illuCriseSco.mp4
2025-09-03 13:20:30.55897419 +0200 CEST m=+62.207022003,/video/Argonne-illuCriseSco.mp4
2025-09-03 13:20:31.256074436 +0200 CEST m=+62.904122249,/?wtd=Ils09xiHlGj0VyqR
2025-09-03 13:20:31.282716087 +0200 CEST m=+62.930763907,/?wtd=Ils09xiHlGj0VyqR
2025-09-03 13:20:34.208273287 +0200 CEST m=+65.856321103,/?wtd=Ils09xiHlGj0VyqR
2025-09-03 13:20:34.214128583 +0200 CEST m=+65.862176403,/?wtd=Ils09xiHlGj0VyqR
2025-09-03 13:20:34.891597267 +0200 CEST m=+66.539645082,/?wtd=Ils09xiHlGj0VyqR
2025-09-03 13:20:34.898451199 +0200 CEST m=+66.546499017,/?wtd=Ils09xiHlGj0VyqR
2025-09-03 13:20:35.522095266 +0200 CEST m=+67.170143082,/?wtd=Ils09xiHlGj0VyqR
2025-09-03 13:20:35.528339859 +0200 CEST m=+67.176387673,/img/CHM_schema.jpg
2025-09-03 13:20:35.532019511 +0200 CEST m=+67.180067327,/?wtd=Ils09xiHlGj0VyqR
2025-09-03 13:20:38.036473098 +0200 CEST m=+69.684520911,/?wtd=Ils09xiHlGj0VyqR
2025-09-03 13:20:38.043229465 +0200 CEST m=+69.691277282,/?wtd=Ils09xiHlGj0VyqR
2025-09-03 13:20:40.533136035 +0200 CEST m=+72.181183851,/?wtd=Ils09xiHlGj0VyqR
2025-09-03 13:20:40.539299323 +0200 CEST m=+72.187347139,/img/swcTable.jpg
2025-09-03 13:20:40.54479751 +0200 CEST m=+72.192845325,/?wtd=Ils09xiHlGj0VyqR
2025-09-03 13:20:42.732414364 +0200 CEST m=+74.380462184,/?wtd=Ils09xiHlGj0VyqR
2025-09-03 13:20:42.740216514 +0200 CEST m=+74.388264343,/?wtd=Ils09xiHlGj0VyqR
2025-09-03 13:20:51.967558062 +0200 CEST m=+83.615605878,/?wtd=Ils09xiHlGj0VyqR
2025-09-03 13:20:51.975710597 +0200 CEST m=+83.623758411,/?wtd=Ils09xiHlGj0VyqR
2025-09-03 13:20:57.229525871 +0200 CEST m=+88.877573710,/?wtd=Ils09xiHlGj0VyqR
2025-09-03 13:20:57.237410208 +0200 CEST m=+88.885458022,/?wtd=Ils09xiHlGj0VyqR
2025-09-03 13:20:58.479526676 +0200 CEST m=+90.127574494,/?wtd=Ils09xiHlGj0VyqR
2025-09-03 13:20:58.485316647 +0200 CEST m=+90.133364466,/?wtd=Ils09xiHlGj0VyqR
2025-09-03 13:20:59.092237031 +0200 CEST m=+90.740284862,/?wtd=Ils09xiHlGj0VyqR
2025-09-03 13:20:59.098309615 +0200 CEST m=+90.746357429,/?wtd=Ils09xiHlGj0VyqR
2025-09-03 13:21:00.317112793 +0200 CEST m=+91.965160607,/?wtd=Ils09xiHlGj0VyqR
2025-09-03 13:21:00.324496617 +0200 CEST m=+91.972544431,/resources/right_angle_circle_icon_149877.png
2025-09-03 13:21:00.324678856 +0200 CEST m=+91.972726669,/resources/warehouse_check_icon_149849.png
2025-09-03 13:21:00.325805086 +0200 CEST m=+91.973852906,/resources/incoming_inspection_icon_149926.png
2025-09-03 13:21:00.326476126 +0200 CEST m=+91.974523941,/resources/stat-logo.png
2025-09-03 13:21:00.326490317 +0200 CEST m=+91.974538133,2025-09-03 13:21:00.32650555 +0200 CEST m=+91.974553366/resources/position-logo.png,
/resources/product_bom_icon_149894.png
2025-09-03 13:21:00.330790392 +0200 CEST m=+91.978838211,/?wtd=Ils09xiHlGj0VyqR
2025-09-03 13:21:00.404458993 +0200 CEST m=+92.052506819,/?wtd=Ils09xiHlGj0VyqR
2025-09-03 13:21:00.411526288 +0200 CEST m=+92.059574111,/?wtd=Ils09xiHlGj0VyqR
2025-09-03 13:21:01.973761167 +0200 CEST m=+93.621808982,/?wtd=Ils09xiHlGj0VyqR
2025-09-03 13:21:01.978738649 +0200 CEST m=+93.626786463,/?wtd=Ils09xiHlGj0VyqR
2025-09-03 13:21:06.547505403 +0200 CEST m=+98.195553235,/?wtd=Ils09xiHlGj0VyqR
2025-09-03 13:21:06.555818346 +0200 CEST m=+98.203866165,/?wtd=Ils09xiHlGj0VyqR
2025-09-03 13:21:09.993544648 +0200 CEST m=+101.641592463,/?wtd=Ils09xiHlGj0VyqR
2025-09-03 13:21:09.998565947 +0200 CEST m=+101.646613765,/?wtd=Ils09xiHlGj0VyqR
2025-09-03 13:21:14.863685646 +0200 CEST m=+106.511733506,/?wtd=Ils09xiHlGj0VyqR
2025-09-03 13:21:14.875933002 +0200 CEST m=+106.523980817,/resources/resizable.png
2025-09-03 13:21:14.879183113 +0200 CEST m=+106.527230929,/?wtd=Ils09xiHlGj0VyqR
2025-09-03 13:21:14.882871892 +0200 CEST m=+106.530919709,/?wtd=Ils09xiHlGj0VyqR
2025-09-03 13:21:15.924450072 +0200 CEST m=+107.572497894,/?wtd=Ils09xiHlGj0VyqR
2025-09-03 13:21:15.929915289 +0200 CEST m=+107.577963103,/?wtd=Ils09xiHlGj0VyqR
2025-09-03 13:21:16.031460988 +0200 CEST m=+107.679508804,/?wtd=Ils09xiHlGj0VyqR&request=resource&resource=o1snq23u&ver=1
