Name,State,VmPeak,VmSize,VmLck,VmPin,VmHWM,VmRSS,VmData,VmStk,VmExe,VmLib,VmPTE,VmSwap,HugetlbPages,CoreDumping,ThpEnabled,Threads,SigQ,SigPnd,ShdPnd,SigBlk,SigIgn,SigCgt,CapInh,CapPrm,CapEff,CapBnd,CapAmb,Cpus_allowed_list:
2025-09-03 14:06:22.102932394 +0200 CEST m=+37.635966330,forestimatorWeb,S (sleeping),434916 kB,418556 kB,0 kB,0 kB,67532 kB,67532 kB,115748 kB,132 kB,1484 kB,99032 kB,396 kB,0 kB,0 kB,0,,13,0/63689,0000000000000000,0000000000000000,0000000000000000,0000000000000000,00000001018044e7,0000000000000000,0000000000000000,0000000000000000,000001ffffffffff,0000000000000000,,
2025-09-03 14:06:22.625774229 +0200 CEST m=+38.158808169,forestimatorWeb,S (sleeping),434916 kB,418556 kB,0 kB,0 kB,67532 kB,67532 kB,115748 kB,132 kB,1484 kB,99032 kB,396 kB,0 kB,0 kB,0,,13,0/63689,0000000000000000,0000000000000000,0000000000000000,0000000000000000,00000001018044e7,0000000000000000,0000000000000000,0000000000000000,000001ffffffffff,0000000000000000,,
2025-09-03 14:06:23.162015756 +0200 CEST m=+38.695049701,forestimatorWeb,S (sleeping),877308 kB,877308 kB,0 kB,0 kB,99264 kB,99264 kB,146212 kB,132 kB,1484 kB,99032 kB,476 kB,0 kB,0 kB,0,,13,0/63689,0000000000000000,0000000000000000,0000000000000000,0000000000000000,00000001018044e7,0000000000000000,0000000000000000,0000000000000000,000001ffffffffff,0000000000000000,,
2025-09-03 14:06:23.709534471 +0200 CEST m=+39.242568415,forestimatorWeb,S (sleeping),1010964 kB,1009940 kB,0 kB,0 kB,109300 kB,109300 kB,156096 kB,132 kB,1484 kB,99032 kB,500 kB,0 kB,0 kB,0,,13,0/63689,0000000000000000,0000000000000000,0000000000000000,0000000000000000,00000001018044e7,0000000000000000,0000000000000000,0000000000000000,000001ffffffffff,0000000000000000,,
2025-09-03 14:06:24.240714623 +0200 CEST m=+39.773748570,forestimatorWeb,S (sleeping),1010964 kB,1009940 kB,0 kB,0 kB,109300 kB,109300 kB,156096 kB,132 kB,1484 kB,99032 kB,500 kB,0 kB,0 kB,0,,13,0/63689,0000000000000000,0000000000000000,0000000000000000,0000000000000000,00000001018044e7,0000000000000000,0000000000000000,0000000000000000,000001ffffffffff,0000000000000000,,
2025-09-03 14:06:24.772622747 +0200 CEST m=+40.305656729,forestimatorWeb,S (sleeping),1010964 kB,1009684 kB,0 kB,0 kB,109300 kB,109060 kB,155992 kB,132 kB,1484 kB,99032 kB,500 kB,0 kB,0 kB,0,,13,0/63689,0000000000000000,0000000000000000,0000000000000000,0000000000000000,00000001018044e7,0000000000000000,0000000000000000,0000000000000000,000001ffffffffff,0000000000000000,,
2025-09-03 14:06:25.306429208 +0200 CEST m=+40.839463207,forestimatorWeb,S (sleeping),1010964 kB,1009684 kB,0 kB,0 kB,109300 kB,109060 kB,155992 kB,132 kB,1484 kB,99032 kB,500 kB,0 kB,0 kB,0,,13,0/63689,0000000000000000,0000000000000000,0000000000000000,0000000000000000,00000001018044e7,0000000000000000,0000000000000000,0000000000000000,000001ffffffffff,0000000000000000,,
2025-09-03 14:06:25.839282585 +0200 CEST m=+41.372316540,forestimatorWeb,S (sleeping),1010964 kB,1009684 kB,0 kB,0 kB,109300 kB,109060 kB,155992 kB,132 kB,1484 kB,99032 kB,500 kB,0 kB,0 kB,0,,13,0/63689,0000000000000000,0000000000000000,0000000000000000,0000000000000000,00000001018044e7,0000000000000000,0000000000000000,0000000000000000,000001ffffffffff,0000000000000000,,
2025-09-03 14:06:26.369928313 +0200 CEST m=+41.902962248,forestimatorWeb,S (sleeping),1010964 kB,1009684 kB,0 kB,0 kB,109300 kB,109060 kB,155992 kB,132 kB,1484 kB,99032 kB,500 kB,0 kB,0 kB,0,,13,0/63689,0000000000000000,0000000000000000,0000000000000000,0000000000000000,00000001018044e7,0000000000000000,0000000000000000,0000000000000000,000001ffffffffff,0000000000000000,,
2025-09-03 14:06:26.891281321 +0200 CEST m=+42.424315271,forestimatorWeb,S (sleeping),1010964 kB,1009684 kB,0 kB,0 kB,109300 kB,109060 kB,155992 kB,132 kB,1484 kB,99032 kB,500 kB,0 kB,0 kB,0,,13,0/63689,0000000000000000,0000000000000000,0000000000000000,0000000000000000,00000001018044e7,0000000000000000,0000000000000000,0000000000000000,000001ffffffffff,0000000000000000,,
2025-09-03 14:06:27.417055253 +0200 CEST m=+42.950089197,forestimatorWeb,S (sleeping),1010964 kB,1008656 kB,0 kB,0 kB,109300 kB,108548 kB,154964 kB,132 kB,1484 kB,99032 kB,500 kB,0 kB,0 kB,0,,13,0/63689,0000000000000000,0000000000000000,0000000000000000,0000000000000000,00000001018044e7,0000000000000000,0000000000000000,0000000000000000,000001ffffffffff,0000000000000000,,
2025-09-03 14:06:27.944305295 +0200 CEST m=+43.477339230,forestimatorWeb,S (sleeping),1010964 kB,1008656 kB,0 kB,0 kB,109300 kB,108548 kB,154964 kB,132 kB,1484 kB,99032 kB,500 kB,0 kB,0 kB,0,,13,0/63689,0000000000000000,0000000000000000,0000000000000000,0000000000000000,00000001018044e7,0000000000000000,0000000000000000,0000000000000000,000001ffffffffff,0000000000000000,,
2025-09-03 14:06:28.467490777 +0200 CEST m=+44.000524771,forestimatorWeb,S (sleeping),1010964 kB,1008656 kB,0 kB,0 kB,109300 kB,108548 kB,154964 kB,132 kB,1484 kB,99032 kB,500 kB,0 kB,0 kB,0,,13,0/63689,0000000000000000,0000000000000000,0000000000000000,0000000000000000,00000001018044e7,0000000000000000,0000000000000000,0000000000000000,000001ffffffffff,0000000000000000,,
2025-09-03 14:06:29.006682184 +0200 CEST m=+44.539716150,forestimatorWeb,S (sleeping),1010964 kB,1008656 kB,0 kB,0 kB,109300 kB,108548 kB,154964 kB,132 kB,1484 kB,99032 kB,500 kB,0 kB,0 kB,0,,13,0/63689,0000000000000000,0000000000000000,0000000000000000,0000000000000000,00000001018044e7,0000000000000000,0000000000000000,0000000000000000,000001ffffffffff,0000000000000000,,
2025-09-03 14:06:29.536021877 +0200 CEST m=+45.069055815,forestimatorWeb,S (sleeping),1010964 kB,1008656 kB,0 kB,0 kB,109300 kB,108548 kB,154964 kB,132 kB,1484 kB,99032 kB,500 kB,0 kB,0 kB,0,,13,0/63689,0000000000000000,0000000000000000,0000000000000000,0000000000000000,00000001018044e7,0000000000000000,0000000000000000,0000000000000000,000001ffffffffff,0000000000000000,,
2025-09-03 14:06:30.061055049 +0200 CEST m=+45.594088998,forestimatorWeb,S (sleeping),1010964 kB,1008656 kB,0 kB,0 kB,109300 kB,108548 kB,154964 kB,132 kB,1484 kB,99032 kB,500 kB,0 kB,0 kB,0,,13,1/63689,0000000000000000,0000000000000000,0000000000000000,0000000000000000,00000001018044e7,0000000000000000,0000000000000000,0000000000000000,000001ffffffffff,0000000000000000,,
2025-09-03 14:06:30.59489641 +0200 CEST m=+46.127930390,forestimatorWeb,S (sleeping),1010964 kB,1008656 kB,0 kB,0 kB,109300 kB,108548 kB,154964 kB,132 kB,1484 kB,99032 kB,500 kB,0 kB,0 kB,0,,13,0/63689,0000000000000000,0000000000000000,0000000000000000,0000000000000000,00000001018044e7,0000000000000000,0000000000000000,0000000000000000,000001ffffffffff,0000000000000000,,
2025-09-03 14:06:31.12733015 +0200 CEST m=+46.660364110,forestimatorWeb,S (sleeping),1010964 kB,1008656 kB,0 kB,0 kB,109300 kB,108548 kB,154964 kB,132 kB,1484 kB,99032 kB,500 kB,0 kB,0 kB,0,,13,0/63689,0000000000000000,0000000000000000,0000000000000000,0000000000000000,00000001018044e7,0000000000000000,0000000000000000,0000000000000000,000001ffffffffff,0000000000000000,,
2025-09-03 14:06:31.653058402 +0200 CEST m=+47.186092338,forestimatorWeb,S (sleeping),1010964 kB,1008656 kB,0 kB,0 kB,109300 kB,108548 kB,154964 kB,132 kB,1484 kB,99032 kB,500 kB,0 kB,0 kB,0,,13,0/63689,0000000000000000,0000000000000000,0000000000000000,0000000000000000,00000001018044e7,0000000000000000,0000000000000000,0000000000000000,000001ffffffffff,0000000000000000,,
2025-09-03 14:06:32.181288038 +0200 CEST m=+47.714322052,forestimatorWeb,S (sleeping),1010964 kB,1008656 kB,0 kB,0 kB,109300 kB,108548 kB,154964 kB,132 kB,1484 kB,99032 kB,500 kB,0 kB,0 kB,0,,13,0/63689,0000000000000000,0000000000000000,0000000000000000,0000000000000000,00000001018044e7,0000000000000000,0000000000000000,0000000000000000,000001ffffffffff,0000000000000000,,
2025-09-03 14:06:32.727297435 +0200 CEST m=+48.260331390,forestimatorWeb,S (sleeping),1010964 kB,1008656 kB,0 kB,0 kB,109300 kB,108548 kB,154964 kB,132 kB,1484 kB,99032 kB,500 kB,0 kB,0 kB,0,,13,0/63689,0000000000000000,0000000000000000,0000000000000000,0000000000000000,00000001018044e7,0000000000000000,0000000000000000,0000000000000000,000001ffffffffff,0000000000000000,,
2025-09-03 14:06:33.251978323 +0200 CEST m=+48.785012308,forestimatorWeb,S (sleeping),1010964 kB,1008656 kB,0 kB,0 kB,109300 kB,108548 kB,154964 kB,132 kB,1484 kB,99032 kB,500 kB,0 kB,0 kB,0,,13,0/63689,0000000000000000,0000000000000000,0000000000000000,0000000000000000,00000001018044e7,0000000000000000,0000000000000000,0000000000000000,000001ffffffffff,0000000000000000,,
2025-09-03 14:06:33.783402119 +0200 CEST m=+49.316436093,forestimatorWeb,S (sleeping),1010964 kB,1008656 kB,0 kB,0 kB,109300 kB,108548 kB,154964 kB,132 kB,1484 kB,99032 kB,500 kB,0 kB,0 kB,0,,13,0/63689,0000000000000000,0000000000000000,0000000000000000,0000000000000000,00000001018044e7,0000000000000000,0000000000000000,0000000000000000,000001ffffffffff,0000000000000000,,
2025-09-03 14:06:34.326953231 +0200 CEST m=+49.859987193,forestimatorWeb,S (sleeping),1010964 kB,1008656 kB,0 kB,0 kB,109300 kB,108548 kB,154964 kB,132 kB,1484 kB,99032 kB,500 kB,0 kB,0 kB,0,,13,0/63689,0000000000000000,0000000000000000,0000000000000000,0000000000000000,00000001018044e7,0000000000000000,0000000000000000,0000000000000000,000001ffffffffff,0000000000000000,,
2025-09-03 14:06:34.85822488 +0200 CEST m=+50.391258825,forestimatorWeb,S (sleeping),1010964 kB,1008656 kB,0 kB,0 kB,109300 kB,108548 kB,154964 kB,132 kB,1484 kB,99032 kB,500 kB,0 kB,0 kB,0,,13,0/63689,0000000000000000,0000000000000000,0000000000000000,0000000000000000,00000001018044e7,0000000000000000,0000000000000000,0000000000000000,000001ffffffffff,0000000000000000,,
2025-09-03 14:06:35.383043168 +0200 CEST m=+50.916077143,forestimatorWeb,S (sleeping),1010964 kB,1008656 kB,0 kB,0 kB,109300 kB,108548 kB,154964 kB,132 kB,1484 kB,99032 kB,500 kB,0 kB,0 kB,0,,13,0/63689,0000000000000000,0000000000000000,0000000000000000,0000000000000000,00000001018044e7,0000000000000000,0000000000000000,0000000000000000,000001ffffffffff,0000000000000000,,
2025-09-03 14:06:35.90979802 +0200 CEST m=+51.442831955,forestimatorWeb,S (sleeping),1010964 kB,1008656 kB,0 kB,0 kB,109300 kB,108548 kB,154964 kB,132 kB,1484 kB,99032 kB,500 kB,0 kB,0 kB,0,,13,0/63689,0000000000000000,0000000000000000,0000000000000000,0000000000000000,00000001018044e7,0000000000000000,0000000000000000,0000000000000000,000001ffffffffff,0000000000000000,,
2025-09-03 14:06:36.4382718 +0200 CEST m=+51.971305767,forestimatorWeb,S (sleeping),1010964 kB,1008656 kB,0 kB,0 kB,109300 kB,108548 kB,154964 kB,132 kB,1484 kB,99032 kB,500 kB,0 kB,0 kB,0,,13,0/63689,0000000000000000,0000000000000000,0000000000000000,0000000000000000,00000001018044e7,0000000000000000,0000000000000000,0000000000000000,000001ffffffffff,0000000000000000,,
2025-09-03 14:06:36.983425594 +0200 CEST m=+52.516459568,forestimatorWeb,S (sleeping),1010964 kB,1008656 kB,0 kB,0 kB,109300 kB,108548 kB,154964 kB,132 kB,1484 kB,99032 kB,500 kB,0 kB,0 kB,0,,13,0/63689,0000000000000000,0000000000000000,0000000000000000,0000000000000000,00000001018044e7,0000000000000000,0000000000000000,0000000000000000,000001ffffffffff,0000000000000000,,
2025-09-03 14:06:37.516849217 +0200 CEST m=+53.049883184,forestimatorWeb,S (sleeping),1010964 kB,1008656 kB,0 kB,0 kB,109300 kB,108548 kB,154964 kB,132 kB,1484 kB,99032 kB,500 kB,0 kB,0 kB,0,,13,0/63689,0000000000000000,0000000000000000,0000000000000000,0000000000000000,00000001018044e7,0000000000000000,0000000000000000,0000000000000000,000001ffffffffff,0000000000000000,,
2025-09-03 14:06:38.045942343 +0200 CEST m=+53.578976329,forestimatorWeb,S (sleeping),1010964 kB,1008656 kB,0 kB,0 kB,109300 kB,108548 kB,154964 kB,132 kB,1484 kB,99032 kB,500 kB,0 kB,0 kB,0,,13,0/63689,0000000000000000,0000000000000000,0000000000000000,0000000000000000,00000001018044e7,0000000000000000,0000000000000000,0000000000000000,000001ffffffffff,0000000000000000,,
2025-09-03 14:06:38.580560808 +0200 CEST m=+54.113594752,forestimatorWeb,S (sleeping),1010964 kB,1008656 kB,0 kB,0 kB,109300 kB,108548 kB,154964 kB,132 kB,1484 kB,99032 kB,500 kB,0 kB,0 kB,0,,13,0/63689,0000000000000000,0000000000000000,0000000000000000,0000000000000000,00000001018044e7,0000000000000000,0000000000000000,0000000000000000,000001ffffffffff,0000000000000000,,
2025-09-03 14:06:39.115868801 +0200 CEST m=+54.648902773,forestimatorWeb,S (sleeping),1010964 kB,1008656 kB,0 kB,0 kB,109300 kB,108548 kB,154964 kB,132 kB,1484 kB,99032 kB,500 kB,0 kB,0 kB,0,,13,0/63689,0000000000000000,0000000000000000,0000000000000000,0000000000000000,00000001018044e7,0000000000000000,0000000000000000,0000000000000000,000001ffffffffff,0000000000000000,,
2025-09-03 14:06:39.644829498 +0200 CEST m=+55.177863450,forestimatorWeb,S (sleeping),1010964 kB,1008656 kB,0 kB,0 kB,109300 kB,108548 kB,154964 kB,132 kB,1484 kB,99032 kB,500 kB,0 kB,0 kB,0,,13,0/63689,0000000000000000,0000000000000000,0000000000000000,0000000000000000,00000001018044e7,0000000000000000,0000000000000000,0000000000000000,000001ffffffffff,0000000000000000,,
2025-09-03 14:06:40.172025563 +0200 CEST m=+55.705059503,forestimatorWeb,S (sleeping),1010964 kB,1008656 kB,0 kB,0 kB,109300 kB,108548 kB,154964 kB,132 kB,1484 kB,99032 kB,500 kB,0 kB,0 kB,0,,13,0/63689,0000000000000000,0000000000000000,0000000000000000,0000000000000000,00000001018044e7,0000000000000000,0000000000000000,0000000000000000,000001ffffffffff,0000000000000000,,
2025-09-03 14:06:40.702569871 +0200 CEST m=+56.235603834,forestimatorWeb,S (sleeping),1010964 kB,1008656 kB,0 kB,0 kB,109300 kB,108548 kB,154964 kB,132 kB,1484 kB,99032 kB,500 kB,0 kB,0 kB,0,,13,0/63689,0000000000000000,0000000000000000,0000000000000000,0000000000000000,00000001018044e7,0000000000000000,0000000000000000,0000000000000000,000001ffffffffff,0000000000000000,,
2025-09-03 14:06:41.241747538 +0200 CEST m=+56.774781480,forestimatorWeb,S (sleeping),1010964 kB,1008656 kB,0 kB,0 kB,109300 kB,108548 kB,154964 kB,132 kB,1484 kB,99032 kB,500 kB,0 kB,0 kB,0,,13,0/63689,0000000000000000,0000000000000000,0000000000000000,0000000000000000,00000001018044e7,0000000000000000,0000000000000000,0000000000000000,000001ffffffffff,0000000000000000,,
2025-09-03 14:06:41.772824492 +0200 CEST m=+57.305858468,forestimatorWeb,S (sleeping),1010964 kB,1008656 kB,0 kB,0 kB,109300 kB,108548 kB,154964 kB,132 kB,1484 kB,99032 kB,500 kB,0 kB,0 kB,0,,13,0/63689,0000000000000000,0000000000000000,0000000000000000,0000000000000000,00000001018044e7,0000000000000000,0000000000000000,0000000000000000,000001ffffffffff,0000000000000000,,
2025-09-03 14:06:42.313625375 +0200 CEST m=+57.846659326,forestimatorWeb,S (sleeping),1010964 kB,1008656 kB,0 kB,0 kB,109300 kB,108548 kB,154964 kB,132 kB,1484 kB,99032 kB,500 kB,0 kB,0 kB,0,,13,1/63689,0000000000000000,0000000000000000,0000000000000000,0000000000000000,00000001018044e7,0000000000000000,0000000000000000,0000000000000000,000001ffffffffff,0000000000000000,,
2025-09-03 14:06:42.846553401 +0200 CEST m=+58.379587333,forestimatorWeb,S (sleeping),1010964 kB,1008656 kB,0 kB,0 kB,109300 kB,108548 kB,154964 kB,132 kB,1484 kB,99032 kB,500 kB,0 kB,0 kB,0,,13,0/63689,0000000000000000,0000000000000000,0000000000000000,0000000000000000,00000001018044e7,0000000000000000,0000000000000000,0000000000000000,000001ffffffffff,0000000000000000,,
2025-09-03 14:06:43.369494072 +0200 CEST m=+58.902528046,forestimatorWeb,S (sleeping),1010964 kB,1008656 kB,0 kB,0 kB,109300 kB,108548 kB,154964 kB,132 kB,1484 kB,99032 kB,500 kB,0 kB,0 kB,0,,13,0/63689,0000000000000000,0000000000000000,0000000000000000,0000000000000000,00000001018044e7,0000000000000000,0000000000000000,0000000000000000,000001ffffffffff,0000000000000000,,
2025-09-03 14:06:43.907245968 +0200 CEST m=+59.440279937,forestimatorWeb,S (sleeping),1010964 kB,1008656 kB,0 kB,0 kB,109300 kB,108548 kB,154964 kB,132 kB,1484 kB,99032 kB,500 kB,0 kB,0 kB,0,,13,0/63689,0000000000000000,0000000000000000,0000000000000000,0000000000000000,00000001018044e7,0000000000000000,0000000000000000,0000000000000000,000001ffffffffff,0000000000000000,,
2025-09-03 14:06:44.442302544 +0200 CEST m=+59.975336543,forestimatorWeb,S (sleeping),1010964 kB,1008656 kB,0 kB,0 kB,109300 kB,108548 kB,154964 kB,132 kB,1484 kB,99032 kB,500 kB,0 kB,0 kB,0,,13,0/63689,0000000000000000,0000000000000000,0000000000000000,0000000000000000,00000001018044e7,0000000000000000,0000000000000000,0000000000000000,000001ffffffffff,0000000000000000,,
2025-09-03 14:06:44.970095512 +0200 CEST m=+60.503129449,forestimatorWeb,S (sleeping),1010964 kB,1008656 kB,0 kB,0 kB,109300 kB,108548 kB,154964 kB,132 kB,1484 kB,99032 kB,500 kB,0 kB,0 kB,0,,13,0/63689,0000000000000000,0000000000000000,0000000000000000,0000000000000000,00000001018044e7,0000000000000000,0000000000000000,0000000000000000,000001ffffffffff,0000000000000000,,
2025-09-03 14:06:45.494311093 +0200 CEST m=+61.027345041,forestimatorWeb,S (sleeping),1010964 kB,1008656 kB,0 kB,0 kB,109300 kB,108548 kB,154964 kB,132 kB,1484 kB,99032 kB,500 kB,0 kB,0 kB,0,,13,0/63689,0000000000000000,0000000000000000,0000000000000000,0000000000000000,00000001018044e7,0000000000000000,0000000000000000,0000000000000000,000001ffffffffff,0000000000000000,,
2025-09-03 14:06:46.018954817 +0200 CEST m=+61.551988779,forestimatorWeb,S (sleeping),1010964 kB,1008656 kB,0 kB,0 kB,109300 kB,108548 kB,154964 kB,132 kB,1484 kB,99032 kB,500 kB,0 kB,0 kB,0,,13,0/63689,0000000000000000,0000000000000000,0000000000000000,0000000000000000,00000001018044e7,0000000000000000,0000000000000000,0000000000000000,000001ffffffffff,0000000000000000,,
2025-09-03 14:06:46.548859118 +0200 CEST m=+62.081893104,forestimatorWeb,S (sleeping),1010964 kB,1008656 kB,0 kB,0 kB,109300 kB,108548 kB,154964 kB,132 kB,1484 kB,99032 kB,500 kB,0 kB,0 kB,0,,13,0/63689,0000000000000000,0000000000000000,0000000000000000,0000000000000000,00000001018044e7,0000000000000000,0000000000000000,0000000000000000,000001ffffffffff,0000000000000000,,
2025-09-03 14:06:47.086050589 +0200 CEST m=+62.619084587,forestimatorWeb,S (sleeping),1010964 kB,1008656 kB,0 kB,0 kB,109300 kB,108548 kB,154964 kB,132 kB,1484 kB,99032 kB,500 kB,0 kB,0 kB,0,,13,0/63689,0000000000000000,0000000000000000,0000000000000000,0000000000000000,00000001018044e7,0000000000000000,0000000000000000,0000000000000000,000001ffffffffff,0000000000000000,,
2025-09-03 14:06:47.627651233 +0200 CEST m=+63.160685207,forestimatorWeb,S (sleeping),1010964 kB,1008656 kB,0 kB,0 kB,109300 kB,108548 kB,154964 kB,132 kB,1484 kB,99032 kB,500 kB,0 kB,0 kB,0,,13,0/63689,0000000000000000,0000000000000000,0000000000000000,0000000000000000,00000001018044e7,0000000000000000,0000000000000000,0000000000000000,000001ffffffffff,0000000000000000,,
2025-09-03 14:06:48.160902464 +0200 CEST m=+63.693936408,forestimatorWeb,S (sleeping),1010964 kB,1008656 kB,0 kB,0 kB,109300 kB,108548 kB,154964 kB,132 kB,1484 kB,99032 kB,500 kB,0 kB,0 kB,0,,13,0/63689,0000000000000000,0000000000000000,0000000000000000,0000000000000000,00000001018044e7,0000000000000000,0000000000000000,0000000000000000,000001ffffffffff,0000000000000000,,
2025-09-03 14:06:48.700944437 +0200 CEST m=+64.233978452,forestimatorWeb,S (sleeping),1010964 kB,1008656 kB,0 kB,0 kB,109300 kB,108548 kB,154964 kB,132 kB,1484 kB,99032 kB,500 kB,0 kB,0 kB,0,,13,0/63689,0000000000000000,0000000000000000,0000000000000000,0000000000000000,00000001018044e7,0000000000000000,0000000000000000,0000000000000000,000001ffffffffff,0000000000000000,,
2025-09-03 14:06:49.239621638 +0200 CEST m=+64.772655592,forestimatorWeb,S (sleeping),1010964 kB,1008656 kB,0 kB,0 kB,109300 kB,108548 kB,154964 kB,132 kB,1484 kB,99032 kB,500 kB,0 kB,0 kB,0,,13,0/63689,0000000000000000,0000000000000000,0000000000000000,0000000000000000,00000001018044e7,0000000000000000,0000000000000000,0000000000000000,000001ffffffffff,0000000000000000,,
2025-09-03 14:06:49.772320893 +0200 CEST m=+65.305354828,forestimatorWeb,S (sleeping),1010964 kB,1008656 kB,0 kB,0 kB,109300 kB,108548 kB,154964 kB,132 kB,1484 kB,99032 kB,500 kB,0 kB,0 kB,0,,13,0/63689,0000000000000000,0000000000000000,0000000000000000,0000000000000000,00000001018044e7,0000000000000000,0000000000000000,0000000000000000,000001ffffffffff,0000000000000000,,
2025-09-03 14:06:50.301173484 +0200 CEST m=+65.834207417,forestimatorWeb,S (sleeping),1010964 kB,1008656 kB,0 kB,0 kB,109300 kB,108548 kB,154964 kB,132 kB,1484 kB,99032 kB,500 kB,0 kB,0 kB,0,,13,0/63689,0000000000000000,0000000000000000,0000000000000000,0000000000000000,00000001018044e7,0000000000000000,0000000000000000,0000000000000000,000001ffffffffff,0000000000000000,,
2025-09-03 14:06:50.825240783 +0200 CEST m=+66.358274732,forestimatorWeb,S (sleeping),1010964 kB,1008656 kB,0 kB,0 kB,109300 kB,108548 kB,154964 kB,132 kB,1484 kB,99032 kB,500 kB,0 kB,0 kB,0,,13,0/63689,0000000000000000,0000000000000000,0000000000000000,0000000000000000,00000001018044e7,0000000000000000,0000000000000000,0000000000000000,000001ffffffffff,0000000000000000,,
2025-09-03 14:06:51.355546078 +0200 CEST m=+66.888580024,forestimatorWeb,S (sleeping),1010964 kB,1008656 kB,0 kB,0 kB,109300 kB,108548 kB,154964 kB,132 kB,1484 kB,99032 kB,500 kB,0 kB,0 kB,0,,13,0/63689,0000000000000000,0000000000000000,0000000000000000,0000000000000000,00000001018044e7,0000000000000000,0000000000000000,0000000000000000,000001ffffffffff,0000000000000000,,
2025-09-03 14:06:51.878067214 +0200 CEST m=+67.411101159,forestimatorWeb,S (sleeping),1010964 kB,1008656 kB,0 kB,0 kB,109300 kB,108548 kB,154964 kB,132 kB,1484 kB,99032 kB,500 kB,0 kB,0 kB,0,,13,0/63689,0000000000000000,0000000000000000,0000000000000000,0000000000000000,00000001018044e7,0000000000000000,0000000000000000,0000000000000000,000001ffffffffff,0000000000000000,,
2025-09-03 14:06:52.405571107 +0200 CEST m=+67.938605081,forestimatorWeb,S (sleeping),1010964 kB,1008656 kB,0 kB,0 kB,109300 kB,108548 kB,154964 kB,132 kB,1484 kB,99032 kB,500 kB,0 kB,0 kB,0,,13,0/63689,0000000000000000,0000000000000000,0000000000000000,0000000000000000,00000001018044e7,0000000000000000,0000000000000000,0000000000000000,000001ffffffffff,0000000000000000,,
2025-09-03 14:06:52.939736766 +0200 CEST m=+68.472770700,forestimatorWeb,S (sleeping),1010964 kB,1008656 kB,0 kB,0 kB,109300 kB,108548 kB,154964 kB,132 kB,1484 kB,99032 kB,500 kB,0 kB,0 kB,0,,13,1/63689,0000000000000000,0000000000000000,0000000000000000,0000000000000000,00000001018044e7,0000000000000000,0000000000000000,0000000000000000,000001ffffffffff,0000000000000000,,
2025-09-03 14:06:53.463444474 +0200 CEST m=+68.996478444,forestimatorWeb,S (sleeping),1010964 kB,1008656 kB,0 kB,0 kB,109300 kB,108548 kB,154964 kB,132 kB,1484 kB,99032 kB,500 kB,0 kB,0 kB,0,,13,0/63689,0000000000000000,0000000000000000,0000000000000000,0000000000000000,00000001018044e7,0000000000000000,0000000000000000,0000000000000000,000001ffffffffff,0000000000000000,,
2025-09-03 14:06:53.994236769 +0200 CEST m=+69.527270757,forestimatorWeb,S (sleeping),1010964 kB,1008656 kB,0 kB,0 kB,109300 kB,108548 kB,154964 kB,132 kB,1484 kB,99032 kB,500 kB,0 kB,0 kB,0,,13,0/63689,0000000000000000,0000000000000000,0000000000000000,0000000000000000,00000001018044e7,0000000000000000,0000000000000000,0000000000000000,000001ffffffffff,0000000000000000,,
2025-09-03 14:06:54.53453365 +0200 CEST m=+70.067567607,forestimatorWeb,S (sleeping),1010964 kB,1008656 kB,0 kB,0 kB,109300 kB,108548 kB,154964 kB,132 kB,1484 kB,99032 kB,500 kB,0 kB,0 kB,0,,13,0/63689,0000000000000000,0000000000000000,0000000000000000,0000000000000000,00000001018044e7,0000000000000000,0000000000000000,0000000000000000,000001ffffffffff,0000000000000000,,
2025-09-03 14:06:55.055528316 +0200 CEST m=+70.588562263,forestimatorWeb,S (sleeping),1010964 kB,1008656 kB,0 kB,0 kB,109300 kB,108548 kB,154964 kB,132 kB,1484 kB,99032 kB,500 kB,0 kB,0 kB,0,,13,0/63689,0000000000000000,0000000000000000,0000000000000000,0000000000000000,00000001018044e7,0000000000000000,0000000000000000,0000000000000000,000001ffffffffff,0000000000000000,,
2025-09-03 14:06:55.583466221 +0200 CEST m=+71.116500184,forestimatorWeb,S (sleeping),1010964 kB,1008656 kB,0 kB,0 kB,109300 kB,108548 kB,154964 kB,132 kB,1484 kB,99032 kB,500 kB,0 kB,0 kB,0,,13,0/63689,0000000000000000,0000000000000000,0000000000000000,0000000000000000,00000001018044e7,0000000000000000,0000000000000000,0000000000000000,000001ffffffffff,0000000000000000,,
2025-09-03 14:06:56.108448628 +0200 CEST m=+71.641482584,forestimatorWeb,S (sleeping),1010964 kB,1008656 kB,0 kB,0 kB,109300 kB,108548 kB,154964 kB,132 kB,1484 kB,99032 kB,500 kB,0 kB,0 kB,0,,13,0/63689,0000000000000000,0000000000000000,0000000000000000,0000000000000000,00000001018044e7,0000000000000000,0000000000000000,0000000000000000,000001ffffffffff,0000000000000000,,
2025-09-03 14:06:56.64199356 +0200 CEST m=+72.175027495,forestimatorWeb,S (sleeping),1010964 kB,1008656 kB,0 kB,0 kB,109300 kB,108548 kB,154964 kB,132 kB,1484 kB,99032 kB,500 kB,0 kB,0 kB,0,,13,1/63689,0000000000000000,0000000000000000,0000000000000000,0000000000000000,00000001018044e7,0000000000000000,0000000000000000,0000000000000000,000001ffffffffff,0000000000000000,,
2025-09-03 14:06:57.163123714 +0200 CEST m=+72.696157670,forestimatorWeb,S (sleeping),1010964 kB,1008656 kB,0 kB,0 kB,109300 kB,108548 kB,154964 kB,132 kB,1484 kB,99032 kB,500 kB,0 kB,0 kB,0,,13,0/63689,0000000000000000,0000000000000000,0000000000000000,0000000000000000,00000001018044e7,0000000000000000,0000000000000000,0000000000000000,000001ffffffffff,0000000000000000,,
2025-09-03 14:06:57.696287183 +0200 CEST m=+73.229321153,forestimatorWeb,S (sleeping),1010964 kB,1008656 kB,0 kB,0 kB,109300 kB,108548 kB,154964 kB,132 kB,1484 kB,99032 kB,500 kB,0 kB,0 kB,0,,13,0/63689,0000000000000000,0000000000000000,0000000000000000,0000000000000000,00000001018044e7,0000000000000000,0000000000000000,0000000000000000,000001ffffffffff,0000000000000000,,
2025-09-03 14:06:58.23704129 +0200 CEST m=+73.770075271,forestimatorWeb,S (sleeping),1010964 kB,1008656 kB,0 kB,0 kB,109300 kB,108548 kB,154964 kB,132 kB,1484 kB,99032 kB,500 kB,0 kB,0 kB,0,,13,0/63689,0000000000000000,0000000000000000,0000000000000000,0000000000000000,00000001018044e7,0000000000000000,0000000000000000,0000000000000000,000001ffffffffff,0000000000000000,,
2025-09-03 14:06:58.770927176 +0200 CEST m=+74.303961142,forestimatorWeb,S (sleeping),1010964 kB,1008656 kB,0 kB,0 kB,109300 kB,108548 kB,154964 kB,132 kB,1484 kB,99032 kB,500 kB,0 kB,0 kB,0,,13,0/63689,0000000000000000,0000000000000000,0000000000000000,0000000000000000,00000001018044e7,0000000000000000,0000000000000000,0000000000000000,000001ffffffffff,0000000000000000,,
2025-09-03 14:06:59.302758397 +0200 CEST m=+74.835792390,forestimatorWeb,S (sleeping),1010964 kB,1008656 kB,0 kB,0 kB,109300 kB,108548 kB,154964 kB,132 kB,1484 kB,99032 kB,500 kB,0 kB,0 kB,0,,13,0/63689,0000000000000000,0000000000000000,0000000000000000,0000000000000000,00000001018044e7,0000000000000000,0000000000000000,0000000000000000,000001ffffffffff,0000000000000000,,
2025-09-03 14:06:59.835020862 +0200 CEST m=+75.368054804,forestimatorWeb,S (sleeping),1010964 kB,1008656 kB,0 kB,0 kB,109300 kB,108548 kB,154964 kB,132 kB,1484 kB,99032 kB,500 kB,0 kB,0 kB,0,,13,0/63689,0000000000000000,0000000000000000,0000000000000000,0000000000000000,00000001018044e7,0000000000000000,0000000000000000,0000000000000000,000001ffffffffff,0000000000000000,,
2025-09-03 14:07:00.36202036 +0200 CEST m=+75.895054324,forestimatorWeb,S (sleeping),1010964 kB,1008656 kB,0 kB,0 kB,109300 kB,108548 kB,154964 kB,132 kB,1484 kB,99032 kB,500 kB,0 kB,0 kB,0,,13,0/63689,0000000000000000,0000000000000000,0000000000000000,0000000000000000,00000001018044e7,0000000000000000,0000000000000000,0000000000000000,000001ffffffffff,0000000000000000,,
2025-09-03 14:07:00.90788136 +0200 CEST m=+76.440915309,forestimatorWeb,S (sleeping),1010964 kB,1008656 kB,0 kB,0 kB,109300 kB,108548 kB,154964 kB,132 kB,1484 kB,99032 kB,500 kB,0 kB,0 kB,0,,13,0/63689,0000000000000000,0000000000000000,0000000000000000,0000000000000000,00000001018044e7,0000000000000000,0000000000000000,0000000000000000,000001ffffffffff,0000000000000000,,
2025-09-03 14:07:01.437294382 +0200 CEST m=+76.970328398,forestimatorWeb,S (sleeping),1010964 kB,1008656 kB,0 kB,0 kB,109300 kB,108548 kB,154964 kB,132 kB,1484 kB,99032 kB,500 kB,0 kB,0 kB,0,,13,0/63689,0000000000000000,0000000000000000,0000000000000000,0000000000000000,00000001018044e7,0000000000000000,0000000000000000,0000000000000000,000001ffffffffff,0000000000000000,,
2025-09-03 14:07:01.979315295 +0200 CEST m=+77.512349243,forestimatorWeb,S (sleeping),1010964 kB,1008656 kB,0 kB,0 kB,109300 kB,108548 kB,154964 kB,132 kB,1484 kB,99032 kB,500 kB,0 kB,0 kB,0,,13,0/63689,0000000000000000,0000000000000000,0000000000000000,0000000000000000,00000001018044e7,0000000000000000,0000000000000000,0000000000000000,000001ffffffffff,0000000000000000,,
2025-09-03 14:07:02.515128305 +0200 CEST m=+78.048162265,forestimatorWeb,S (sleeping),1010964 kB,1008656 kB,0 kB,0 kB,109300 kB,108548 kB,154964 kB,132 kB,1484 kB,99032 kB,500 kB,0 kB,0 kB,0,,13,0/63689,0000000000000000,0000000000000000,0000000000000000,0000000000000000,00000001018044e7,0000000000000000,0000000000000000,0000000000000000,000001ffffffffff,0000000000000000,,
2025-09-03 14:07:03.055511755 +0200 CEST m=+78.588545717,forestimatorWeb,S (sleeping),1010964 kB,1008656 kB,0 kB,0 kB,109300 kB,108548 kB,154964 kB,132 kB,1484 kB,99032 kB,500 kB,0 kB,0 kB,0,,13,0/63689,0000000000000000,0000000000000000,0000000000000000,0000000000000000,00000001018044e7,0000000000000000,0000000000000000,0000000000000000,000001ffffffffff,0000000000000000,,
2025-09-03 14:07:03.596044694 +0200 CEST m=+79.129078649,forestimatorWeb,S (sleeping),1010964 kB,1008656 kB,0 kB,0 kB,109300 kB,108548 kB,154964 kB,132 kB,1484 kB,99032 kB,500 kB,0 kB,0 kB,0,,13,0/63689,0000000000000000,0000000000000000,0000000000000000,0000000000000000,00000001018044e7,0000000000000000,0000000000000000,0000000000000000,000001ffffffffff,0000000000000000,,
2025-09-03 14:07:04.132553526 +0200 CEST m=+79.665587474,forestimatorWeb,S (sleeping),1010964 kB,1008656 kB,0 kB,0 kB,109300 kB,108548 kB,154964 kB,132 kB,1484 kB,99032 kB,500 kB,0 kB,0 kB,0,,13,0/63689,0000000000000000,0000000000000000,0000000000000000,0000000000000000,00000001018044e7,0000000000000000,0000000000000000,0000000000000000,000001ffffffffff,0000000000000000,,
2025-09-03 14:07:04.658501901 +0200 CEST m=+80.191535872,forestimatorWeb,S (sleeping),1010964 kB,1008656 kB,0 kB,0 kB,109300 kB,108548 kB,154964 kB,132 kB,1484 kB,99032 kB,500 kB,0 kB,0 kB,0,,13,0/63689,0000000000000000,0000000000000000,0000000000000000,0000000000000000,00000001018044e7,0000000000000000,0000000000000000,0000000000000000,000001ffffffffff,0000000000000000,,
2025-09-03 14:07:05.203677422 +0200 CEST m=+80.736711428,forestimatorWeb,S (sleeping),1010964 kB,1008656 kB,0 kB,0 kB,109300 kB,108548 kB,154964 kB,132 kB,1484 kB,99032 kB,500 kB,0 kB,0 kB,0,,13,0/63689,0000000000000000,0000000000000000,0000000000000000,0000000000000000,00000001018044e7,0000000000000000,0000000000000000,0000000000000000,000001ffffffffff,0000000000000000,,
2025-09-03 14:07:05.745741944 +0200 CEST m=+81.278775880,forestimatorWeb,S (sleeping),1010964 kB,1008656 kB,0 kB,0 kB,109300 kB,108548 kB,154964 kB,132 kB,1484 kB,99032 kB,500 kB,0 kB,0 kB,0,,13,0/63689,0000000000000000,0000000000000000,0000000000000000,0000000000000000,00000001018044e7,0000000000000000,0000000000000000,0000000000000000,000001ffffffffff,0000000000000000,,
2025-09-03 14:07:06.287858624 +0200 CEST m=+81.820892592,forestimatorWeb,S (sleeping),1010964 kB,1008656 kB,0 kB,0 kB,109300 kB,108548 kB,154964 kB,132 kB,1484 kB,99032 kB,500 kB,0 kB,0 kB,0,,13,0/63689,0000000000000000,0000000000000000,0000000000000000,0000000000000000,00000001018044e7,0000000000000000,0000000000000000,0000000000000000,000001ffffffffff,0000000000000000,,
2025-09-03 14:07:06.835415473 +0200 CEST m=+82.368449458,forestimatorWeb,S (sleeping),1010964 kB,1008656 kB,0 kB,0 kB,109300 kB,108548 kB,154964 kB,132 kB,1484 kB,99032 kB,500 kB,0 kB,0 kB,0,,13,0/63689,0000000000000000,0000000000000000,0000000000000000,0000000000000000,00000001018044e7,0000000000000000,0000000000000000,0000000000000000,000001ffffffffff,0000000000000000,,
2025-09-03 14:07:07.372784234 +0200 CEST m=+82.905818198,forestimatorWeb,S (sleeping),1010964 kB,1008656 kB,0 kB,0 kB,109300 kB,108548 kB,154964 kB,132 kB,1484 kB,99032 kB,500 kB,0 kB,0 kB,0,,13,0/63689,0000000000000000,0000000000000000,0000000000000000,0000000000000000,00000001018044e7,0000000000000000,0000000000000000,0000000000000000,000001ffffffffff,0000000000000000,,
2025-09-03 14:07:07.904403824 +0200 CEST m=+83.437437824,forestimatorWeb,S (sleeping),1010964 kB,1008656 kB,0 kB,0 kB,109300 kB,108548 kB,154964 kB,132 kB,1484 kB,99032 kB,500 kB,0 kB,0 kB,0,,13,0/63689,0000000000000000,0000000000000000,0000000000000000,0000000000000000,00000001018044e7,0000000000000000,0000000000000000,0000000000000000,000001ffffffffff,0000000000000000,,
2025-09-03 14:07:08.439313151 +0200 CEST m=+83.972347090,forestimatorWeb,S (sleeping),1010964 kB,1008656 kB,0 kB,0 kB,109300 kB,108548 kB,154964 kB,132 kB,1484 kB,99032 kB,500 kB,0 kB,0 kB,0,,13,0/63689,0000000000000000,0000000000000000,0000000000000000,0000000000000000,00000001018044e7,0000000000000000,0000000000000000,0000000000000000,000001ffffffffff,0000000000000000,,
2025-09-03 14:07:08.963106172 +0200 CEST m=+84.496140166,forestimatorWeb,S (sleeping),1010964 kB,1008656 kB,0 kB,0 kB,109300 kB,108548 kB,154964 kB,132 kB,1484 kB,99032 kB,500 kB,0 kB,0 kB,0,,13,0/63689,0000000000000000,0000000000000000,0000000000000000,0000000000000000,00000001018044e7,0000000000000000,0000000000000000,0000000000000000,000001ffffffffff,0000000000000000,,
2025-09-03 14:07:09.499293232 +0200 CEST m=+85.032327238,forestimatorWeb,S (sleeping),1010964 kB,1008656 kB,0 kB,0 kB,109300 kB,108548 kB,154964 kB,132 kB,1484 kB,99032 kB,500 kB,0 kB,0 kB,0,,13,0/63689,0000000000000000,0000000000000000,0000000000000000,0000000000000000,00000001018044e7,0000000000000000,0000000000000000,0000000000000000,000001ffffffffff,0000000000000000,,
2025-09-03 14:07:10.039120836 +0200 CEST m=+85.572154799,forestimatorWeb,S (sleeping),1010964 kB,1008656 kB,0 kB,0 kB,109300 kB,108548 kB,154964 kB,132 kB,1484 kB,99032 kB,500 kB,0 kB,0 kB,0,,13,0/63689,0000000000000000,0000000000000000,0000000000000000,0000000000000000,00000001018044e7,0000000000000000,0000000000000000,0000000000000000,000001ffffffffff,0000000000000000,,
2025-09-03 14:07:10.569085174 +0200 CEST m=+86.102119142,forestimatorWeb,S (sleeping),1010964 kB,1008656 kB,0 kB,0 kB,109300 kB,108548 kB,154964 kB,132 kB,1484 kB,99032 kB,500 kB,0 kB,0 kB,0,,13,0/63689,0000000000000000,0000000000000000,0000000000000000,0000000000000000,00000001018044e7,0000000000000000,0000000000000000,0000000000000000,000001ffffffffff,0000000000000000,,
2025-09-03 14:07:11.110597448 +0200 CEST m=+86.643631414,forestimatorWeb,S (sleeping),1010964 kB,1008656 kB,0 kB,0 kB,109300 kB,108548 kB,154964 kB,132 kB,1484 kB,99032 kB,500 kB,0 kB,0 kB,0,,13,0/63689,0000000000000000,0000000000000000,0000000000000000,0000000000000000,00000001018044e7,0000000000000000,0000000000000000,0000000000000000,000001ffffffffff,0000000000000000,,
2025-09-03 14:07:11.64820741 +0200 CEST m=+87.181241351,forestimatorWeb,S (sleeping),1010964 kB,1008656 kB,0 kB,0 kB,109300 kB,108548 kB,154964 kB,132 kB,1484 kB,99032 kB,500 kB,0 kB,0 kB,0,,13,0/63689,0000000000000000,0000000000000000,0000000000000000,0000000000000000,00000001018044e7,0000000000000000,0000000000000000,0000000000000000,000001ffffffffff,0000000000000000,,
2025-09-03 14:07:12.190455223 +0200 CEST m=+87.723489164,forestimatorWeb,S (sleeping),1010964 kB,1008656 kB,0 kB,0 kB,109300 kB,108548 kB,154964 kB,132 kB,1484 kB,99032 kB,500 kB,0 kB,0 kB,0,,13,0/63689,0000000000000000,0000000000000000,0000000000000000,0000000000000000,00000001018044e7,0000000000000000,0000000000000000,0000000000000000,000001ffffffffff,0000000000000000,,
2025-09-03 14:07:12.720976185 +0200 CEST m=+88.254010146,forestimatorWeb,S (sleeping),1010964 kB,1008656 kB,0 kB,0 kB,109300 kB,108548 kB,154964 kB,132 kB,1484 kB,99032 kB,500 kB,0 kB,0 kB,0,,13,1/63689,0000000000000000,0000000000000000,0000000000000000,0000000000000000,00000001018044e7,0000000000000000,0000000000000000,0000000000000000,000001ffffffffff,0000000000000000,,
2025-09-03 14:07:13.250170645 +0200 CEST m=+88.783204579,forestimatorWeb,S (sleeping),1010964 kB,1008656 kB,0 kB,0 kB,109300 kB,108548 kB,154964 kB,132 kB,1484 kB,99032 kB,500 kB,0 kB,0 kB,0,,13,0/63689,0000000000000000,0000000000000000,0000000000000000,0000000000000000,00000001018044e7,0000000000000000,0000000000000000,0000000000000000,000001ffffffffff,0000000000000000,,
2025-09-03 14:07:13.779860122 +0200 CEST m=+89.312894095,forestimatorWeb,S (sleeping),1010964 kB,1008656 kB,0 kB,0 kB,109300 kB,108548 kB,154964 kB,132 kB,1484 kB,99032 kB,500 kB,0 kB,0 kB,0,,13,0/63689,0000000000000000,0000000000000000,0000000000000000,0000000000000000,00000001018044e7,0000000000000000,0000000000000000,0000000000000000,000001ffffffffff,0000000000000000,,
2025-09-03 14:07:14.330863663 +0200 CEST m=+89.863897622,forestimatorWeb,S (sleeping),1010964 kB,1008656 kB,0 kB,0 kB,109300 kB,108548 kB,154964 kB,132 kB,1484 kB,99032 kB,500 kB,0 kB,0 kB,0,,13,0/63689,0000000000000000,0000000000000000,0000000000000000,0000000000000000,00000001018044e7,0000000000000000,0000000000000000,0000000000000000,000001ffffffffff,0000000000000000,,
2025-09-03 14:07:14.871544167 +0200 CEST m=+90.404578156,forestimatorWeb,S (sleeping),1010964 kB,1008656 kB,0 kB,0 kB,109300 kB,108548 kB,154964 kB,132 kB,1484 kB,99032 kB,500 kB,0 kB,0 kB,0,,13,0/63689,0000000000000000,0000000000000000,0000000000000000,0000000000000000,00000001018044e7,0000000000000000,0000000000000000,0000000000000000,000001ffffffffff,0000000000000000,,
2025-09-03 14:07:15.40423713 +0200 CEST m=+90.937271140,forestimatorWeb,S (sleeping),1010964 kB,1008656 kB,0 kB,0 kB,109300 kB,108548 kB,154964 kB,132 kB,1484 kB,99032 kB,500 kB,0 kB,0 kB,0,,13,0/63689,0000000000000000,0000000000000000,0000000000000000,0000000000000000,00000001018044e7,0000000000000000,0000000000000000,0000000000000000,000001ffffffffff,0000000000000000,,
2025-09-03 14:07:15.943546286 +0200 CEST m=+91.476580276,forestimatorWeb,S (sleeping),1010964 kB,1008656 kB,0 kB,0 kB,109300 kB,108548 kB,154964 kB,132 kB,1484 kB,99032 kB,500 kB,0 kB,0 kB,0,,13,0/63689,0000000000000000,0000000000000000,0000000000000000,0000000000000000,00000001018044e7,0000000000000000,0000000000000000,0000000000000000,000001ffffffffff,0000000000000000,,
2025-09-03 14:07:16.488206821 +0200 CEST m=+92.021240759,forestimatorWeb,S (sleeping),1010964 kB,1008656 kB,0 kB,0 kB,109300 kB,108548 kB,154964 kB,132 kB,1484 kB,99032 kB,500 kB,0 kB,0 kB,0,,13,0/63689,0000000000000000,0000000000000000,0000000000000000,0000000000000000,00000001018044e7,0000000000000000,0000000000000000,0000000000000000,000001ffffffffff,0000000000000000,,
2025-09-03 14:07:17.012033519 +0200 CEST m=+92.545067462,forestimatorWeb,S (sleeping),1010964 kB,1008656 kB,0 kB,0 kB,109300 kB,108548 kB,154964 kB,132 kB,1484 kB,99032 kB,500 kB,0 kB,0 kB,0,,13,0/63689,0000000000000000,0000000000000000,0000000000000000,0000000000000000,00000001018044e7,0000000000000000,0000000000000000,0000000000000000,000001ffffffffff,0000000000000000,,
2025-09-03 14:07:17.535069471 +0200 CEST m=+93.068103406,forestimatorWeb,S (sleeping),1010964 kB,1008656 kB,0 kB,0 kB,109300 kB,108548 kB,154964 kB,132 kB,1484 kB,99032 kB,500 kB,0 kB,0 kB,0,,13,0/63689,0000000000000000,0000000000000000,0000000000000000,0000000000000000,00000001018044e7,0000000000000000,0000000000000000,0000000000000000,000001ffffffffff,0000000000000000,,
2025-09-03 14:07:18.059577294 +0200 CEST m=+93.592611256,forestimatorWeb,S (sleeping),1010964 kB,1008656 kB,0 kB,0 kB,109300 kB,108548 kB,154964 kB,132 kB,1484 kB,99032 kB,500 kB,0 kB,0 kB,0,,13,0/63689,0000000000000000,0000000000000000,0000000000000000,0000000000000000,00000001018044e7,0000000000000000,0000000000000000,0000000000000000,000001ffffffffff,0000000000000000,,
2025-09-03 14:07:18.604829673 +0200 CEST m=+94.137863633,forestimatorWeb,S (sleeping),1010964 kB,1008656 kB,0 kB,0 kB,109300 kB,108548 kB,154964 kB,132 kB,1484 kB,99032 kB,500 kB,0 kB,0 kB,0,,13,0/63689,0000000000000000,0000000000000000,0000000000000000,0000000000000000,00000001018044e7,0000000000000000,0000000000000000,0000000000000000,000001ffffffffff,0000000000000000,,
2025-09-03 14:07:19.141851704 +0200 CEST m=+94.674885710,forestimatorWeb,S (sleeping),1010964 kB,1008656 kB,0 kB,0 kB,109300 kB,108548 kB,154964 kB,132 kB,1484 kB,99032 kB,500 kB,0 kB,0 kB,0,,13,0/63689,0000000000000000,0000000000000000,0000000000000000,0000000000000000,00000001018044e7,0000000000000000,0000000000000000,0000000000000000,000001ffffffffff,0000000000000000,,
2025-09-03 14:07:19.684014709 +0200 CEST m=+95.217048651,forestimatorWeb,S (sleeping),1010964 kB,1008656 kB,0 kB,0 kB,109300 kB,108548 kB,154964 kB,132 kB,1484 kB,99032 kB,500 kB,0 kB,0 kB,0,,13,0/63689,0000000000000000,0000000000000000,0000000000000000,0000000000000000,00000001018044e7,0000000000000000,0000000000000000,0000000000000000,000001ffffffffff,0000000000000000,,
2025-09-03 14:07:20.219817792 +0200 CEST m=+95.752851756,forestimatorWeb,S (sleeping),1010964 kB,1008656 kB,0 kB,0 kB,109300 kB,108548 kB,154964 kB,132 kB,1484 kB,99032 kB,500 kB,0 kB,0 kB,0,,13,0/63689,0000000000000000,0000000000000000,0000000000000000,0000000000000000,00000001018044e7,0000000000000000,0000000000000000,0000000000000000,000001ffffffffff,0000000000000000,,
2025-09-03 14:07:20.747964183 +0200 CEST m=+96.280998160,forestimatorWeb,S (sleeping),1010964 kB,1008656 kB,0 kB,0 kB,109300 kB,108548 kB,154964 kB,132 kB,1484 kB,99032 kB,500 kB,0 kB,0 kB,0,,13,0/63689,0000000000000000,0000000000000000,0000000000000000,0000000000000000,00000001018044e7,0000000000000000,0000000000000000,0000000000000000,000001ffffffffff,0000000000000000,,
2025-09-03 14:07:21.281204819 +0200 CEST m=+96.814238763,forestimatorWeb,S (sleeping),1010964 kB,1008656 kB,0 kB,0 kB,109300 kB,108548 kB,154964 kB,132 kB,1484 kB,99032 kB,500 kB,0 kB,0 kB,0,,13,0/63689,0000000000000000,0000000000000000,0000000000000000,0000000000000000,00000001018044e7,0000000000000000,0000000000000000,0000000000000000,000001ffffffffff,0000000000000000,,
2025-09-03 14:07:21.813330033 +0200 CEST m=+97.346364018,forestimatorWeb,S (sleeping),1010964 kB,1008656 kB,0 kB,0 kB,109300 kB,108548 kB,154964 kB,132 kB,1484 kB,99032 kB,500 kB,0 kB,0 kB,0,,13,0/63689,0000000000000000,0000000000000000,0000000000000000,0000000000000000,00000001018044e7,0000000000000000,0000000000000000,0000000000000000,000001ffffffffff,0000000000000000,,
2025-09-03 14:07:22.340657897 +0200 CEST m=+97.873691837,forestimatorWeb,S (sleeping),1010964 kB,1008656 kB,0 kB,0 kB,109300 kB,108548 kB,154964 kB,132 kB,1484 kB,99032 kB,500 kB,0 kB,0 kB,0,,13,0/63689,0000000000000000,0000000000000000,0000000000000000,0000000000000000,00000001018044e7,0000000000000000,0000000000000000,0000000000000000,000001ffffffffff,0000000000000000,,
2025-09-03 14:07:22.864239 +0200 CEST m=+98.397272985,forestimatorWeb,S (sleeping),1010964 kB,1008656 kB,0 kB,0 kB,109300 kB,108548 kB,154964 kB,132 kB,1484 kB,99032 kB,500 kB,0 kB,0 kB,0,,13,0/63689,0000000000000000,0000000000000000,0000000000000000,0000000000000000,00000001018044e7,0000000000000000,0000000000000000,0000000000000000,000001ffffffffff,0000000000000000,,
2025-09-03 14:07:23.396365602 +0200 CEST m=+98.929399543,forestimatorWeb,S (sleeping),1010964 kB,1008656 kB,0 kB,0 kB,109300 kB,108548 kB,154964 kB,132 kB,1484 kB,99032 kB,500 kB,0 kB,0 kB,0,,13,0/63689,0000000000000000,0000000000000000,0000000000000000,0000000000000000,00000001018044e7,0000000000000000,0000000000000000,0000000000000000,000001ffffffffff,0000000000000000,,
2025-09-03 14:07:23.931536646 +0200 CEST m=+99.464570611,forestimatorWeb,S (sleeping),1010964 kB,1008656 kB,0 kB,0 kB,109300 kB,108548 kB,154964 kB,132 kB,1484 kB,99032 kB,500 kB,0 kB,0 kB,0,,13,0/63689,0000000000000000,0000000000000000,0000000000000000,0000000000000000,00000001018044e7,0000000000000000,0000000000000000,0000000000000000,000001ffffffffff,0000000000000000,,
2025-09-03 14:07:24.456216811 +0200 CEST m=+99.989250801,forestimatorWeb,S (sleeping),1010964 kB,1008656 kB,0 kB,0 kB,109300 kB,108548 kB,154964 kB,132 kB,1484 kB,99032 kB,500 kB,0 kB,0 kB,0,,13,0/63689,0000000000000000,0000000000000000,0000000000000000,0000000000000000,00000001018044e7,0000000000000000,0000000000000000,0000000000000000,000001ffffffffff,0000000000000000,,
2025-09-03 14:07:25.002194797 +0200 CEST m=+100.535228769,forestimatorWeb,S (sleeping),1010964 kB,1008656 kB,0 kB,0 kB,109300 kB,108548 kB,154964 kB,132 kB,1484 kB,99032 kB,500 kB,0 kB,0 kB,0,,13,0/63689,0000000000000000,0000000000000000,0000000000000000,0000000000000000,00000001018044e7,0000000000000000,0000000000000000,0000000000000000,000001ffffffffff,0000000000000000,,
2025-09-03 14:07:25.539404032 +0200 CEST m=+101.072438024,forestimatorWeb,S (sleeping),1010964 kB,1008656 kB,0 kB,0 kB,109300 kB,108548 kB,154964 kB,132 kB,1484 kB,99032 kB,500 kB,0 kB,0 kB,0,,13,0/63689,0000000000000000,0000000000000000,0000000000000000,0000000000000000,00000001018044e7,0000000000000000,0000000000000000,0000000000000000,000001ffffffffff,0000000000000000,,
2025-09-03 14:07:26.083364303 +0200 CEST m=+101.616398239,forestimatorWeb,S (sleeping),1010964 kB,1008656 kB,0 kB,0 kB,109300 kB,108548 kB,154964 kB,132 kB,1484 kB,99032 kB,500 kB,0 kB,0 kB,0,,13,0/63689,0000000000000000,0000000000000000,0000000000000000,0000000000000000,00000001018044e7,0000000000000000,0000000000000000,0000000000000000,000001ffffffffff,0000000000000000,,
2025-09-03 14:07:26.610266938 +0200 CEST m=+102.143300886,forestimatorWeb,S (sleeping),1010964 kB,1008656 kB,0 kB,0 kB,109300 kB,108548 kB,154964 kB,132 kB,1484 kB,99032 kB,500 kB,0 kB,0 kB,0,,13,0/63689,0000000000000000,0000000000000000,0000000000000000,0000000000000000,00000001018044e7,0000000000000000,0000000000000000,0000000000000000,000001ffffffffff,0000000000000000,,
2025-09-03 14:07:27.137881619 +0200 CEST m=+102.670915554,forestimatorWeb,S (sleeping),1010964 kB,1008656 kB,0 kB,0 kB,109300 kB,108548 kB,154964 kB,132 kB,1484 kB,99032 kB,500 kB,0 kB,0 kB,0,,13,0/63689,0000000000000000,0000000000000000,0000000000000000,0000000000000000,00000001018044e7,0000000000000000,0000000000000000,0000000000000000,000001ffffffffff,0000000000000000,,
2025-09-03 14:07:27.661861459 +0200 CEST m=+103.194895395,forestimatorWeb,S (sleeping),1010964 kB,1008656 kB,0 kB,0 kB,109300 kB,108548 kB,154964 kB,132 kB,1484 kB,99032 kB,500 kB,0 kB,0 kB,0,,13,1/63689,0000000000000000,0000000000000000,0000000000000000,0000000000000000,00000001018044e7,0000000000000000,0000000000000000,0000000000000000,000001ffffffffff,0000000000000000,,
2025-09-03 14:07:28.190640465 +0200 CEST m=+103.723674414,forestimatorWeb,S (sleeping),1010964 kB,1008656 kB,0 kB,0 kB,109300 kB,108548 kB,154964 kB,132 kB,1484 kB,99032 kB,500 kB,0 kB,0 kB,0,,13,0/63689,0000000000000000,0000000000000000,0000000000000000,0000000000000000,00000001018044e7,0000000000000000,0000000000000000,0000000000000000,000001ffffffffff,0000000000000000,,
2025-09-03 14:07:28.721428181 +0200 CEST m=+104.254462152,forestimatorWeb,S (sleeping),1010964 kB,1008656 kB,0 kB,0 kB,109300 kB,108548 kB,154964 kB,132 kB,1484 kB,99032 kB,500 kB,0 kB,0 kB,0,,13,0/63689,0000000000000000,0000000000000000,0000000000000000,0000000000000000,00000001018044e7,0000000000000000,0000000000000000,0000000000000000,000001ffffffffff,0000000000000000,,
2025-09-03 14:07:29.248751699 +0200 CEST m=+104.781785639,forestimatorWeb,S (sleeping),1010964 kB,1008656 kB,0 kB,0 kB,109300 kB,108548 kB,154964 kB,132 kB,1484 kB,99032 kB,500 kB,0 kB,0 kB,0,,13,0/63689,0000000000000000,0000000000000000,0000000000000000,0000000000000000,00000001018044e7,0000000000000000,0000000000000000,0000000000000000,000001ffffffffff,0000000000000000,,
2025-09-03 14:07:29.77835102 +0200 CEST m=+105.311385002,forestimatorWeb,S (sleeping),1010964 kB,1008656 kB,0 kB,0 kB,109300 kB,108548 kB,154964 kB,132 kB,1484 kB,99032 kB,500 kB,0 kB,0 kB,0,,13,0/63689,0000000000000000,0000000000000000,0000000000000000,0000000000000000,00000001018044e7,0000000000000000,0000000000000000,0000000000000000,000001ffffffffff,0000000000000000,,
2025-09-03 14:07:30.308725025 +0200 CEST m=+105.841758974,forestimatorWeb,S (sleeping),1010964 kB,1008656 kB,0 kB,0 kB,109300 kB,108548 kB,154964 kB,132 kB,1484 kB,99032 kB,500 kB,0 kB,0 kB,0,,13,0/63689,0000000000000000,0000000000000000,0000000000000000,0000000000000000,00000001018044e7,0000000000000000,0000000000000000,0000000000000000,000001ffffffffff,0000000000000000,,
2025-09-03 14:07:30.841037356 +0200 CEST m=+106.374071338,forestimatorWeb,S (sleeping),1010964 kB,1008656 kB,0 kB,0 kB,109300 kB,108548 kB,154964 kB,132 kB,1484 kB,99032 kB,500 kB,0 kB,0 kB,0,,13,0/63689,0000000000000000,0000000000000000,0000000000000000,0000000000000000,00000001018044e7,0000000000000000,0000000000000000,0000000000000000,000001ffffffffff,0000000000000000,,
2025-09-03 14:07:31.378116237 +0200 CEST m=+106.911150222,forestimatorWeb,S (sleeping),1010964 kB,1008656 kB,0 kB,0 kB,109300 kB,108548 kB,154964 kB,132 kB,1484 kB,99032 kB,500 kB,0 kB,0 kB,0,,13,0/63689,0000000000000000,0000000000000000,0000000000000000,0000000000000000,00000001018044e7,0000000000000000,0000000000000000,0000000000000000,000001ffffffffff,0000000000000000,,
2025-09-03 14:07:31.920832677 +0200 CEST m=+107.453866654,forestimatorWeb,S (sleeping),1010964 kB,1008656 kB,0 kB,0 kB,109300 kB,108548 kB,154964 kB,132 kB,1484 kB,99032 kB,500 kB,0 kB,0 kB,0,,13,0/63689,0000000000000000,0000000000000000,0000000000000000,0000000000000000,00000001018044e7,0000000000000000,0000000000000000,0000000000000000,000001ffffffffff,0000000000000000,,
2025-09-03 14:07:32.458518521 +0200 CEST m=+107.991552480,forestimatorWeb,S (sleeping),1010964 kB,1008656 kB,0 kB,0 kB,109300 kB,108548 kB,154964 kB,132 kB,1484 kB,99032 kB,500 kB,0 kB,0 kB,0,,13,0/63689,0000000000000000,0000000000000000,0000000000000000,0000000000000000,00000001018044e7,0000000000000000,0000000000000000,0000000000000000,000001ffffffffff,0000000000000000,,
2025-09-03 14:07:32.996176336 +0200 CEST m=+108.529210360,forestimatorWeb,S (sleeping),1010964 kB,1008656 kB,0 kB,0 kB,109300 kB,108548 kB,154964 kB,132 kB,1484 kB,99032 kB,500 kB,0 kB,0 kB,0,,13,0/63689,0000000000000000,0000000000000000,0000000000000000,0000000000000000,00000001018044e7,0000000000000000,0000000000000000,0000000000000000,000001ffffffffff,0000000000000000,,
2025-09-03 14:07:33.543859945 +0200 CEST m=+109.076893946,forestimatorWeb,S (sleeping),1010964 kB,1008656 kB,0 kB,0 kB,109300 kB,108548 kB,154964 kB,132 kB,1484 kB,99032 kB,500 kB,0 kB,0 kB,0,,13,0/63689,0000000000000000,0000000000000000,0000000000000000,0000000000000000,00000001018044e7,0000000000000000,0000000000000000,0000000000000000,000001ffffffffff,0000000000000000,,
2025-09-03 14:07:34.074462862 +0200 CEST m=+109.607496845,forestimatorWeb,S (sleeping),1010964 kB,1008656 kB,0 kB,0 kB,109300 kB,108548 kB,154964 kB,132 kB,1484 kB,99032 kB,500 kB,0 kB,0 kB,0,,13,0/63689,0000000000000000,0000000000000000,0000000000000000,0000000000000000,00000001018044e7,0000000000000000,0000000000000000,0000000000000000,000001ffffffffff,0000000000000000,,
2025-09-03 14:07:34.605325621 +0200 CEST m=+110.138359588,forestimatorWeb,S (sleeping),1010964 kB,1008656 kB,0 kB,0 kB,109300 kB,108548 kB,154964 kB,132 kB,1484 kB,99032 kB,500 kB,0 kB,0 kB,0,,13,1/63689,0000000000000000,0000000000000000,0000000000000000,0000000000000000,00000001018044e7,0000000000000000,0000000000000000,0000000000000000,000001ffffffffff,0000000000000000,,
2025-09-03 14:07:35.137128258 +0200 CEST m=+110.670162257,forestimatorWeb,S (sleeping),1010964 kB,1008656 kB,0 kB,0 kB,109300 kB,108548 kB,154964 kB,132 kB,1484 kB,99032 kB,500 kB,0 kB,0 kB,0,,13,0/63689,0000000000000000,0000000000000000,0000000000000000,0000000000000000,00000001018044e7,0000000000000000,0000000000000000,0000000000000000,000001ffffffffff,0000000000000000,,
2025-09-03 14:07:35.673546952 +0200 CEST m=+111.206580926,forestimatorWeb,S (sleeping),1010964 kB,1008656 kB,0 kB,0 kB,109300 kB,108548 kB,154964 kB,132 kB,1484 kB,99032 kB,500 kB,0 kB,0 kB,0,,13,1/63689,0000000000000000,0000000000000000,0000000000000000,0000000000000000,00000001018044e7,0000000000000000,0000000000000000,0000000000000000,000001ffffffffff,0000000000000000,,
2025-09-03 14:07:36.209506194 +0200 CEST m=+111.742540185,forestimatorWeb,S (sleeping),1010964 kB,1008656 kB,0 kB,0 kB,109300 kB,108548 kB,154964 kB,132 kB,1484 kB,99032 kB,500 kB,0 kB,0 kB,0,,13,0/63689,0000000000000000,0000000000000000,0000000000000000,0000000000000000,00000001018044e7,0000000000000000,0000000000000000,0000000000000000,000001ffffffffff,0000000000000000,,
2025-09-03 14:07:36.74687463 +0200 CEST m=+112.279908593,forestimatorWeb,S (sleeping),1010964 kB,1008656 kB,0 kB,0 kB,109300 kB,108548 kB,154964 kB,132 kB,1484 kB,99032 kB,500 kB,0 kB,0 kB,0,,13,0/63689,0000000000000000,0000000000000000,0000000000000000,0000000000000000,00000001018044e7,0000000000000000,0000000000000000,0000000000000000,000001ffffffffff,0000000000000000,,
2025-09-03 14:07:37.289191012 +0200 CEST m=+112.822224983,forestimatorWeb,S (sleeping),1010964 kB,1008656 kB,0 kB,0 kB,109300 kB,108548 kB,154964 kB,132 kB,1484 kB,99032 kB,500 kB,0 kB,0 kB,0,,13,0/63689,0000000000000000,0000000000000000,0000000000000000,0000000000000000,00000001018044e7,0000000000000000,0000000000000000,0000000000000000,000001ffffffffff,0000000000000000,,
2025-09-03 14:07:37.846600836 +0200 CEST m=+113.379634823,forestimatorWeb,S (sleeping),1010964 kB,1008656 kB,0 kB,0 kB,109300 kB,108548 kB,154964 kB,132 kB,1484 kB,99032 kB,500 kB,0 kB,0 kB,0,,13,1/63689,0000000000000000,0000000000000000,0000000000000000,0000000000000000,00000001018044e7,0000000000000000,0000000000000000,0000000000000000,000001ffffffffff,0000000000000000,,
2025-09-03 14:07:38.388803549 +0200 CEST m=+113.921837521,forestimatorWeb,S (sleeping),1010964 kB,1008656 kB,0 kB,0 kB,109300 kB,108548 kB,154964 kB,132 kB,1484 kB,99032 kB,500 kB,0 kB,0 kB,0,,13,0/63689,0000000000000000,0000000000000000,0000000000000000,0000000000000000,00000001018044e7,0000000000000000,0000000000000000,0000000000000000,000001ffffffffff,0000000000000000,,
2025-09-03 14:07:38.917775928 +0200 CEST m=+114.450809884,forestimatorWeb,S (sleeping),1010964 kB,1008656 kB,0 kB,0 kB,109300 kB,108548 kB,154964 kB,132 kB,1484 kB,99032 kB,500 kB,0 kB,0 kB,0,,13,0/63689,0000000000000000,0000000000000000,0000000000000000,0000000000000000,00000001018044e7,0000000000000000,0000000000000000,0000000000000000,000001ffffffffff,0000000000000000,,
2025-09-03 14:07:39.445656318 +0200 CEST m=+114.978690280,forestimatorWeb,S (sleeping),1010964 kB,1008656 kB,0 kB,0 kB,109300 kB,108548 kB,154964 kB,132 kB,1484 kB,99032 kB,500 kB,0 kB,0 kB,0,,13,0/63689,0000000000000000,0000000000000000,0000000000000000,0000000000000000,00000001018044e7,0000000000000000,0000000000000000,0000000000000000,000001ffffffffff,0000000000000000,,
2025-09-03 14:07:39.98367636 +0200 CEST m=+115.516710295,forestimatorWeb,S (sleeping),1010964 kB,1008656 kB,0 kB,0 kB,109300 kB,108548 kB,154964 kB,132 kB,1484 kB,99032 kB,500 kB,0 kB,0 kB,0,,13,0/63689,0000000000000000,0000000000000000,0000000000000000,0000000000000000,00000001018044e7,0000000000000000,0000000000000000,0000000000000000,000001ffffffffff,0000000000000000,,
2025-09-03 14:07:40.526109516 +0200 CEST m=+116.059143504,forestimatorWeb,S (sleeping),1010964 kB,1008656 kB,0 kB,0 kB,109300 kB,108548 kB,154964 kB,132 kB,1484 kB,99032 kB,500 kB,0 kB,0 kB,0,,13,0/63689,0000000000000000,0000000000000000,0000000000000000,0000000000000000,00000001018044e7,0000000000000000,0000000000000000,0000000000000000,000001ffffffffff,0000000000000000,,
2025-09-03 14:07:41.059265603 +0200 CEST m=+116.592299557,forestimatorWeb,S (sleeping),1010964 kB,1008656 kB,0 kB,0 kB,109300 kB,108548 kB,154964 kB,132 kB,1484 kB,99032 kB,500 kB,0 kB,0 kB,0,,13,0/63689,0000000000000000,0000000000000000,0000000000000000,0000000000000000,00000001018044e7,0000000000000000,0000000000000000,0000000000000000,000001ffffffffff,0000000000000000,,
2025-09-03 14:07:41.611046756 +0200 CEST m=+117.144080764,forestimatorWeb,S (sleeping),1010964 kB,1008656 kB,0 kB,0 kB,109300 kB,108548 kB,154964 kB,132 kB,1484 kB,99032 kB,500 kB,0 kB,0 kB,0,,13,0/63689,0000000000000000,0000000000000000,0000000000000000,0000000000000000,00000001018044e7,0000000000000000,0000000000000000,0000000000000000,000001ffffffffff,0000000000000000,,
2025-09-03 14:07:42.140541263 +0200 CEST m=+117.673575237,forestimatorWeb,S (sleeping),1010964 kB,1008656 kB,0 kB,0 kB,109300 kB,108548 kB,154964 kB,132 kB,1484 kB,99032 kB,500 kB,0 kB,0 kB,0,,13,0/63689,0000000000000000,0000000000000000,0000000000000000,0000000000000000,00000001018044e7,0000000000000000,0000000000000000,0000000000000000,000001ffffffffff,0000000000000000,,
2025-09-03 14:07:42.666586811 +0200 CEST m=+118.199620785,forestimatorWeb,S (sleeping),1010964 kB,1008656 kB,0 kB,0 kB,109300 kB,108548 kB,154964 kB,132 kB,1484 kB,99032 kB,500 kB,0 kB,0 kB,0,,13,0/63689,0000000000000000,0000000000000000,0000000000000000,0000000000000000,00000001018044e7,0000000000000000,0000000000000000,0000000000000000,000001ffffffffff,0000000000000000,,
2025-09-03 14:07:43.199260546 +0200 CEST m=+118.732294532,forestimatorWeb,S (sleeping),1010964 kB,1008656 kB,0 kB,0 kB,109300 kB,108548 kB,154964 kB,132 kB,1484 kB,99032 kB,500 kB,0 kB,0 kB,0,,13,0/63689,0000000000000000,0000000000000000,0000000000000000,0000000000000000,00000001018044e7,0000000000000000,0000000000000000,0000000000000000,000001ffffffffff,0000000000000000,,
2025-09-03 14:07:43.735838973 +0200 CEST m=+119.268872973,forestimatorWeb,S (sleeping),1010964 kB,1008656 kB,0 kB,0 kB,109300 kB,108548 kB,154964 kB,132 kB,1484 kB,99032 kB,500 kB,0 kB,0 kB,0,,13,0/63689,0000000000000000,0000000000000000,0000000000000000,0000000000000000,00000001018044e7,0000000000000000,0000000000000000,0000000000000000,000001ffffffffff,0000000000000000,,
2025-09-03 14:07:44.263366162 +0200 CEST m=+119.796400167,forestimatorWeb,S (sleeping),1010964 kB,1008656 kB,0 kB,0 kB,109300 kB,108548 kB,154964 kB,132 kB,1484 kB,99032 kB,500 kB,0 kB,0 kB,0,,13,0/63689,0000000000000000,0000000000000000,0000000000000000,0000000000000000,00000001018044e7,0000000000000000,0000000000000000,0000000000000000,000001ffffffffff,0000000000000000,,
2025-09-03 14:07:44.807630814 +0200 CEST m=+120.340664768,forestimatorWeb,S (sleeping),1010964 kB,1008656 kB,0 kB,0 kB,109300 kB,108548 kB,154964 kB,132 kB,1484 kB,99032 kB,500 kB,0 kB,0 kB,0,,13,0/63689,0000000000000000,0000000000000000,0000000000000000,0000000000000000,00000001018044e7,0000000000000000,0000000000000000,0000000000000000,000001ffffffffff,0000000000000000,,
2025-09-03 14:07:45.34023075 +0200 CEST m=+120.873264698,forestimatorWeb,S (sleeping),1010964 kB,1008656 kB,0 kB,0 kB,109300 kB,108548 kB,154964 kB,132 kB,1484 kB,99032 kB,500 kB,0 kB,0 kB,0,,13,0/63689,0000000000000000,0000000000000000,0000000000000000,0000000000000000,00000001018044e7,0000000000000000,0000000000000000,0000000000000000,000001ffffffffff,0000000000000000,,
2025-09-03 14:07:45.872698479 +0200 CEST m=+121.405732421,forestimatorWeb,S (sleeping),1010964 kB,1008656 kB,0 kB,0 kB,109300 kB,108548 kB,154964 kB,132 kB,1484 kB,99032 kB,500 kB,0 kB,0 kB,0,,13,0/63689,0000000000000000,0000000000000000,0000000000000000,0000000000000000,00000001018044e7,0000000000000000,0000000000000000,0000000000000000,000001ffffffffff,0000000000000000,,
2025-09-03 14:07:46.399853222 +0200 CEST m=+121.932887209,forestimatorWeb,S (sleeping),1010964 kB,1008656 kB,0 kB,0 kB,109300 kB,108548 kB,154964 kB,132 kB,1484 kB,99032 kB,500 kB,0 kB,0 kB,0,,13,0/63689,0000000000000000,0000000000000000,0000000000000000,0000000000000000,00000001018044e7,0000000000000000,0000000000000000,0000000000000000,000001ffffffffff,0000000000000000,,
2025-09-03 14:07:46.938624631 +0200 CEST m=+122.471658604,forestimatorWeb,S (sleeping),1010964 kB,1008656 kB,0 kB,0 kB,109300 kB,108548 kB,154964 kB,132 kB,1484 kB,99032 kB,500 kB,0 kB,0 kB,0,,13,1/63689,0000000000000000,0000000000000000,0000000000000000,0000000000000000,00000001018044e7,0000000000000000,0000000000000000,0000000000000000,000001ffffffffff,0000000000000000,,
2025-09-03 14:07:47.474296538 +0200 CEST m=+123.007330508,forestimatorWeb,S (sleeping),1010964 kB,1008656 kB,0 kB,0 kB,109300 kB,108548 kB,154964 kB,132 kB,1484 kB,99032 kB,500 kB,0 kB,0 kB,0,,13,0/63689,0000000000000000,0000000000000000,0000000000000000,0000000000000000,00000001018044e7,0000000000000000,0000000000000000,0000000000000000,000001ffffffffff,0000000000000000,,
2025-09-03 14:07:48.010386321 +0200 CEST m=+123.543420280,forestimatorWeb,S (sleeping),1010964 kB,1008656 kB,0 kB,0 kB,109300 kB,108548 kB,154964 kB,132 kB,1484 kB,99032 kB,500 kB,0 kB,0 kB,0,,13,0/63689,0000000000000000,0000000000000000,0000000000000000,0000000000000000,00000001018044e7,0000000000000000,0000000000000000,0000000000000000,000001ffffffffff,0000000000000000,,
2025-09-03 14:07:48.55114118 +0200 CEST m=+124.084175154,forestimatorWeb,S (sleeping),1010964 kB,1008656 kB,0 kB,0 kB,109300 kB,108548 kB,154964 kB,132 kB,1484 kB,99032 kB,500 kB,0 kB,0 kB,0,,13,1/63689,0000000000000000,0000000000000000,0000000000000000,0000000000000000,00000001018044e7,0000000000000000,0000000000000000,0000000000000000,000001ffffffffff,0000000000000000,,
2025-09-03 14:07:49.098388138 +0200 CEST m=+124.631422145,forestimatorWeb,S (sleeping),1010964 kB,1008656 kB,0 kB,0 kB,109300 kB,108548 kB,154964 kB,132 kB,1484 kB,99032 kB,500 kB,0 kB,0 kB,0,,13,0/63689,0000000000000000,0000000000000000,0000000000000000,0000000000000000,00000001018044e7,0000000000000000,0000000000000000,0000000000000000,000001ffffffffff,0000000000000000,,
2025-09-03 14:07:49.634054058 +0200 CEST m=+125.167088026,forestimatorWeb,S (sleeping),1010964 kB,1008656 kB,0 kB,0 kB,109300 kB,108548 kB,154964 kB,132 kB,1484 kB,99032 kB,500 kB,0 kB,0 kB,0,,13,0/63689,0000000000000000,0000000000000000,0000000000000000,0000000000000000,00000001018044e7,0000000000000000,0000000000000000,0000000000000000,000001ffffffffff,0000000000000000,,
2025-09-03 14:07:50.171261726 +0200 CEST m=+125.704295674,forestimatorWeb,S (sleeping),1010964 kB,1008656 kB,0 kB,0 kB,109300 kB,108548 kB,154964 kB,132 kB,1484 kB,99032 kB,500 kB,0 kB,0 kB,0,,13,0/63689,0000000000000000,0000000000000000,0000000000000000,0000000000000000,00000001018044e7,0000000000000000,0000000000000000,0000000000000000,000001ffffffffff,0000000000000000,,
2025-09-03 14:07:50.693932336 +0200 CEST m=+126.226966349,forestimatorWeb,S (sleeping),1010964 kB,1008656 kB,0 kB,0 kB,109300 kB,108548 kB,154964 kB,132 kB,1484 kB,99032 kB,500 kB,0 kB,0 kB,0,,13,0/63689,0000000000000000,0000000000000000,0000000000000000,0000000000000000,00000001018044e7,0000000000000000,0000000000000000,0000000000000000,000001ffffffffff,0000000000000000,,
2025-09-03 14:07:51.233271547 +0200 CEST m=+126.766305517,forestimatorWeb,S (sleeping),1010964 kB,1008656 kB,0 kB,0 kB,109300 kB,108548 kB,154964 kB,132 kB,1484 kB,99032 kB,500 kB,0 kB,0 kB,0,,13,0/63689,0000000000000000,0000000000000000,0000000000000000,0000000000000000,00000001018044e7,0000000000000000,0000000000000000,0000000000000000,000001ffffffffff,0000000000000000,,
2025-09-03 14:07:51.764744208 +0200 CEST m=+127.297778146,forestimatorWeb,S (sleeping),1010964 kB,1008656 kB,0 kB,0 kB,109300 kB,108548 kB,154964 kB,132 kB,1484 kB,99032 kB,500 kB,0 kB,0 kB,0,,13,0/63689,0000000000000000,0000000000000000,0000000000000000,0000000000000000,00000001018044e7,0000000000000000,0000000000000000,0000000000000000,000001ffffffffff,0000000000000000,,
2025-09-03 14:07:52.291128782 +0200 CEST m=+127.824162743,forestimatorWeb,S (sleeping),1010964 kB,1008656 kB,0 kB,0 kB,109300 kB,108548 kB,154964 kB,132 kB,1484 kB,99032 kB,500 kB,0 kB,0 kB,0,,13,0/63689,0000000000000000,0000000000000000,0000000000000000,0000000000000000,00000001018044e7,0000000000000000,0000000000000000,0000000000000000,000001ffffffffff,0000000000000000,,
2025-09-03 14:07:52.832456405 +0200 CEST m=+128.365490353,forestimatorWeb,S (sleeping),1010964 kB,1008656 kB,0 kB,0 kB,109300 kB,108548 kB,154964 kB,132 kB,1484 kB,99032 kB,500 kB,0 kB,0 kB,0,,13,0/63689,0000000000000000,0000000000000000,0000000000000000,0000000000000000,00000001018044e7,0000000000000000,0000000000000000,0000000000000000,000001ffffffffff,0000000000000000,,
2025-09-03 14:07:53.356311021 +0200 CEST m=+128.889344960,forestimatorWeb,S (sleeping),1010964 kB,1008656 kB,0 kB,0 kB,109300 kB,108548 kB,154964 kB,132 kB,1484 kB,99032 kB,500 kB,0 kB,0 kB,0,,13,0/63689,0000000000000000,0000000000000000,0000000000000000,0000000000000000,00000001018044e7,0000000000000000,0000000000000000,0000000000000000,000001ffffffffff,0000000000000000,,
2025-09-03 14:07:53.882994768 +0200 CEST m=+129.416028742,forestimatorWeb,S (sleeping),1010964 kB,1008656 kB,0 kB,0 kB,109300 kB,108548 kB,154964 kB,132 kB,1484 kB,99032 kB,500 kB,0 kB,0 kB,0,,13,0/63689,0000000000000000,0000000000000000,0000000000000000,0000000000000000,00000001018044e7,0000000000000000,0000000000000000,0000000000000000,000001ffffffffff,0000000000000000,,
2025-09-03 14:07:54.414707892 +0200 CEST m=+129.947741839,forestimatorWeb,S (sleeping),1010964 kB,1008656 kB,0 kB,0 kB,109300 kB,108548 kB,154964 kB,132 kB,1484 kB,99032 kB,500 kB,0 kB,0 kB,0,,13,0/63689,0000000000000000,0000000000000000,0000000000000000,0000000000000000,00000001018044e7,0000000000000000,0000000000000000,0000000000000000,000001ffffffffff,0000000000000000,,
2025-09-03 14:07:54.948481972 +0200 CEST m=+130.481515935,forestimatorWeb,S (sleeping),1010964 kB,1008656 kB,0 kB,0 kB,109300 kB,108548 kB,154964 kB,132 kB,1484 kB,99032 kB,500 kB,0 kB,0 kB,0,,13,0/63689,0000000000000000,0000000000000000,0000000000000000,0000000000000000,00000001018044e7,0000000000000000,0000000000000000,0000000000000000,000001ffffffffff,0000000000000000,,
2025-09-03 14:07:55.473079684 +0200 CEST m=+131.006113638,forestimatorWeb,S (sleeping),1010964 kB,1008656 kB,0 kB,0 kB,109300 kB,108548 kB,154964 kB,132 kB,1484 kB,99032 kB,500 kB,0 kB,0 kB,0,,13,0/63689,0000000000000000,0000000000000000,0000000000000000,0000000000000000,00000001018044e7,0000000000000000,0000000000000000,0000000000000000,000001ffffffffff,0000000000000000,,
2025-09-03 14:07:56.00996576 +0200 CEST m=+131.542999736,forestimatorWeb,S (sleeping),1010964 kB,1008656 kB,0 kB,0 kB,109300 kB,108548 kB,154964 kB,132 kB,1484 kB,99032 kB,500 kB,0 kB,0 kB,0,,13,1/63689,0000000000000000,0000000000000000,0000000000000000,0000000000000000,00000001018044e7,0000000000000000,0000000000000000,0000000000000000,000001ffffffffff,0000000000000000,,
2025-09-03 14:07:56.551361133 +0200 CEST m=+132.084395137,forestimatorWeb,S (sleeping),1010964 kB,1008656 kB,0 kB,0 kB,109300 kB,108548 kB,154964 kB,132 kB,1484 kB,99032 kB,500 kB,0 kB,0 kB,0,,13,0/63689,0000000000000000,0000000000000000,0000000000000000,0000000000000000,00000001018044e7,0000000000000000,0000000000000000,0000000000000000,000001ffffffffff,0000000000000000,,
2025-09-03 14:07:57.083227856 +0200 CEST m=+132.616261808,forestimatorWeb,S (sleeping),1010964 kB,1008656 kB,0 kB,0 kB,109300 kB,108548 kB,154964 kB,132 kB,1484 kB,99032 kB,500 kB,0 kB,0 kB,0,,13,0/63689,0000000000000000,0000000000000000,0000000000000000,0000000000000000,00000001018044e7,0000000000000000,0000000000000000,0000000000000000,000001ffffffffff,0000000000000000,,
2025-09-03 14:07:57.611355982 +0200 CEST m=+133.144389955,forestimatorWeb,S (sleeping),1010964 kB,1008656 kB,0 kB,0 kB,109300 kB,108548 kB,154964 kB,132 kB,1484 kB,99032 kB,500 kB,0 kB,0 kB,0,,13,0/63689,0000000000000000,0000000000000000,0000000000000000,0000000000000000,00000001018044e7,0000000000000000,0000000000000000,0000000000000000,000001ffffffffff,0000000000000000,,
2025-09-03 14:07:58.154516675 +0200 CEST m=+133.687550681,forestimatorWeb,S (sleeping),1010964 kB,1008656 kB,0 kB,0 kB,109300 kB,108548 kB,154964 kB,132 kB,1484 kB,99032 kB,500 kB,0 kB,0 kB,0,,13,0/63689,0000000000000000,0000000000000000,0000000000000000,0000000000000000,00000001018044e7,0000000000000000,0000000000000000,0000000000000000,000001ffffffffff,0000000000000000,,
2025-09-03 14:07:58.690827619 +0200 CEST m=+134.223861581,forestimatorWeb,S (sleeping),1010964 kB,1008656 kB,0 kB,0 kB,109300 kB,108548 kB,154964 kB,132 kB,1484 kB,99032 kB,500 kB,0 kB,0 kB,0,,13,0/63689,0000000000000000,0000000000000000,0000000000000000,0000000000000000,00000001018044e7,0000000000000000,0000000000000000,0000000000000000,000001ffffffffff,0000000000000000,,
2025-09-03 14:07:59.228163315 +0200 CEST m=+134.761197249,forestimatorWeb,S (sleeping),1010964 kB,1008656 kB,0 kB,0 kB,109300 kB,108548 kB,154964 kB,132 kB,1484 kB,99032 kB,500 kB,0 kB,0 kB,0,,13,0/63689,0000000000000000,0000000000000000,0000000000000000,0000000000000000,00000001018044e7,0000000000000000,0000000000000000,0000000000000000,000001ffffffffff,0000000000000000,,
2025-09-03 14:07:59.754227626 +0200 CEST m=+135.287261569,forestimatorWeb,S (sleeping),1010964 kB,1008656 kB,0 kB,0 kB,109300 kB,108548 kB,154964 kB,132 kB,1484 kB,99032 kB,500 kB,0 kB,0 kB,0,,13,0/63689,0000000000000000,0000000000000000,0000000000000000,0000000000000000,00000001018044e7,0000000000000000,0000000000000000,0000000000000000,000001ffffffffff,0000000000000000,,
2025-09-03 14:08:00.287289134 +0200 CEST m=+135.820323106,forestimatorWeb,S (sleeping),1010964 kB,1008656 kB,0 kB,0 kB,109300 kB,108548 kB,154964 kB,132 kB,1484 kB,99032 kB,500 kB,0 kB,0 kB,0,,13,0/63689,0000000000000000,0000000000000000,0000000000000000,0000000000000000,00000001018044e7,0000000000000000,0000000000000000,0000000000000000,000001ffffffffff,0000000000000000,,
2025-09-03 14:08:00.821627335 +0200 CEST m=+136.354661298,forestimatorWeb,S (sleeping),1010964 kB,1008656 kB,0 kB,0 kB,109300 kB,108548 kB,154964 kB,132 kB,1484 kB,99032 kB,500 kB,0 kB,0 kB,0,,13,0/63689,0000000000000000,0000000000000000,0000000000000000,0000000000000000,00000001018044e7,0000000000000000,0000000000000000,0000000000000000,000001ffffffffff,0000000000000000,,
2025-09-03 14:08:01.358705484 +0200 CEST m=+136.891739450,forestimatorWeb,S (sleeping),1010964 kB,1008656 kB,0 kB,0 kB,109300 kB,108548 kB,154964 kB,132 kB,1484 kB,99032 kB,500 kB,0 kB,0 kB,0,,13,0/63689,0000000000000000,0000000000000000,0000000000000000,0000000000000000,00000001018044e7,0000000000000000,0000000000000000,0000000000000000,000001ffffffffff,0000000000000000,,
2025-09-03 14:08:01.898051592 +0200 CEST m=+137.431085528,forestimatorWeb,S (sleeping),1010964 kB,1008656 kB,0 kB,0 kB,109300 kB,108548 kB,154964 kB,132 kB,1484 kB,99032 kB,500 kB,0 kB,0 kB,0,,13,0/63689,0000000000000000,0000000000000000,0000000000000000,0000000000000000,00000001018044e7,0000000000000000,0000000000000000,0000000000000000,000001ffffffffff,0000000000000000,,
2025-09-03 14:08:02.426331459 +0200 CEST m=+137.959365414,forestimatorWeb,S (sleeping),1010964 kB,1008656 kB,0 kB,0 kB,109300 kB,108548 kB,154964 kB,132 kB,1484 kB,99032 kB,500 kB,0 kB,0 kB,0,,13,0/63689,0000000000000000,0000000000000000,0000000000000000,0000000000000000,00000001018044e7,0000000000000000,0000000000000000,0000000000000000,000001ffffffffff,0000000000000000,,
2025-09-03 14:08:02.952566969 +0200 CEST m=+138.485600932,forestimatorWeb,S (sleeping),1010964 kB,1008656 kB,0 kB,0 kB,109300 kB,108548 kB,154964 kB,132 kB,1484 kB,99032 kB,500 kB,0 kB,0 kB,0,,13,0/63689,0000000000000000,0000000000000000,0000000000000000,0000000000000000,00000001018044e7,0000000000000000,0000000000000000,0000000000000000,000001ffffffffff,0000000000000000,,
2025-09-03 14:08:03.498071836 +0200 CEST m=+139.031105836,forestimatorWeb,S (sleeping),1010964 kB,1008656 kB,0 kB,0 kB,109300 kB,108548 kB,154964 kB,132 kB,1484 kB,99032 kB,500 kB,0 kB,0 kB,0,,13,0/63689,0000000000000000,0000000000000000,0000000000000000,0000000000000000,00000001018044e7,0000000000000000,0000000000000000,0000000000000000,000001ffffffffff,0000000000000000,,
2025-09-03 14:08:04.030041064 +0200 CEST m=+139.563075002,forestimatorWeb,S (sleeping),1010964 kB,1008656 kB,0 kB,0 kB,109300 kB,108548 kB,154964 kB,132 kB,1484 kB,99032 kB,500 kB,0 kB,0 kB,0,,13,0/63689,0000000000000000,0000000000000000,0000000000000000,0000000000000000,00000001018044e7,0000000000000000,0000000000000000,0000000000000000,000001ffffffffff,0000000000000000,,
2025-09-03 14:08:04.558785918 +0200 CEST m=+140.091819853,forestimatorWeb,S (sleeping),1010964 kB,1008656 kB,0 kB,0 kB,109300 kB,108548 kB,154964 kB,132 kB,1484 kB,99032 kB,500 kB,0 kB,0 kB,0,,13,0/63689,0000000000000000,0000000000000000,0000000000000000,0000000000000000,00000001018044e7,0000000000000000,0000000000000000,0000000000000000,000001ffffffffff,0000000000000000,,
2025-09-03 14:08:05.086220304 +0200 CEST m=+140.619254296,forestimatorWeb,S (sleeping),1010964 kB,1008656 kB,0 kB,0 kB,109300 kB,108548 kB,154964 kB,132 kB,1484 kB,99032 kB,500 kB,0 kB,0 kB,0,,13,0/63689,0000000000000000,0000000000000000,0000000000000000,0000000000000000,00000001018044e7,0000000000000000,0000000000000000,0000000000000000,000001ffffffffff,0000000000000000,,
2025-09-03 14:08:05.628872641 +0200 CEST m=+141.161906590,forestimatorWeb,S (sleeping),1010964 kB,1008656 kB,0 kB,0 kB,109300 kB,108548 kB,154964 kB,132 kB,1484 kB,99032 kB,500 kB,0 kB,0 kB,0,,13,0/63689,0000000000000000,0000000000000000,0000000000000000,0000000000000000,00000001018044e7,0000000000000000,0000000000000000,0000000000000000,000001ffffffffff,0000000000000000,,
2025-09-03 14:08:06.161288031 +0200 CEST m=+141.694321988,forestimatorWeb,S (sleeping),1010964 kB,1008656 kB,0 kB,0 kB,109300 kB,108548 kB,154964 kB,132 kB,1484 kB,99032 kB,500 kB,0 kB,0 kB,0,,13,0/63689,0000000000000000,0000000000000000,0000000000000000,0000000000000000,00000001018044e7,0000000000000000,0000000000000000,0000000000000000,000001ffffffffff,0000000000000000,,
2025-09-03 14:08:06.693339589 +0200 CEST m=+142.226373544,forestimatorWeb,S (sleeping),1010964 kB,1008656 kB,0 kB,0 kB,109300 kB,108548 kB,154964 kB,132 kB,1484 kB,99032 kB,500 kB,0 kB,0 kB,0,,13,0/63689,0000000000000000,0000000000000000,0000000000000000,0000000000000000,00000001018044e7,0000000000000000,0000000000000000,0000000000000000,000001ffffffffff,0000000000000000,,
2025-09-03 14:08:07.220915004 +0200 CEST m=+142.753948989,forestimatorWeb,S (sleeping),1010964 kB,1008656 kB,0 kB,0 kB,109300 kB,108548 kB,154964 kB,132 kB,1484 kB,99032 kB,500 kB,0 kB,0 kB,0,,13,0/63689,0000000000000000,0000000000000000,0000000000000000,0000000000000000,00000001018044e7,0000000000000000,0000000000000000,0000000000000000,000001ffffffffff,0000000000000000,,
2025-09-03 14:08:07.751718707 +0200 CEST m=+143.284752709,forestimatorWeb,S (sleeping),1010964 kB,1008656 kB,0 kB,0 kB,109300 kB,108548 kB,154964 kB,132 kB,1484 kB,99032 kB,500 kB,0 kB,0 kB,0,,13,0/63689,0000000000000000,0000000000000000,0000000000000000,0000000000000000,00000001018044e7,0000000000000000,0000000000000000,0000000000000000,000001ffffffffff,0000000000000000,,
2025-09-03 14:08:08.309706973 +0200 CEST m=+143.842740906,forestimatorWeb,S (sleeping),1010964 kB,1008656 kB,0 kB,0 kB,109300 kB,108548 kB,154964 kB,132 kB,1484 kB,99032 kB,500 kB,0 kB,0 kB,0,,13,0/63689,0000000000000000,0000000000000000,0000000000000000,0000000000000000,00000001018044e7,0000000000000000,0000000000000000,0000000000000000,000001ffffffffff,0000000000000000,,
2025-09-03 14:08:08.839387898 +0200 CEST m=+144.372421877,forestimatorWeb,S (sleeping),1010964 kB,1008656 kB,0 kB,0 kB,109300 kB,108548 kB,154964 kB,132 kB,1484 kB,99032 kB,500 kB,0 kB,0 kB,0,,13,0/63689,0000000000000000,0000000000000000,0000000000000000,0000000000000000,00000001018044e7,0000000000000000,0000000000000000,0000000000000000,000001ffffffffff,0000000000000000,,
2025-09-03 14:08:09.38017498 +0200 CEST m=+144.913208951,forestimatorWeb,S (sleeping),1010964 kB,1008656 kB,0 kB,0 kB,109300 kB,108548 kB,154964 kB,132 kB,1484 kB,99032 kB,500 kB,0 kB,0 kB,0,,13,0/63689,0000000000000000,0000000000000000,0000000000000000,0000000000000000,00000001018044e7,0000000000000000,0000000000000000,0000000000000000,000001ffffffffff,0000000000000000,,
2025-09-03 14:08:09.912579919 +0200 CEST m=+145.445613886,forestimatorWeb,S (sleeping),1010964 kB,1008656 kB,0 kB,0 kB,109300 kB,108548 kB,154964 kB,132 kB,1484 kB,99032 kB,500 kB,0 kB,0 kB,0,,13,0/63689,0000000000000000,0000000000000000,0000000000000000,0000000000000000,00000001018044e7,0000000000000000,0000000000000000,0000000000000000,000001ffffffffff,0000000000000000,,
2025-09-03 14:08:10.441583489 +0200 CEST m=+145.974617425,forestimatorWeb,S (sleeping),1010964 kB,1008656 kB,0 kB,0 kB,109300 kB,108548 kB,154964 kB,132 kB,1484 kB,99032 kB,500 kB,0 kB,0 kB,0,,13,0/63689,0000000000000000,0000000000000000,0000000000000000,0000000000000000,00000001018044e7,0000000000000000,0000000000000000,0000000000000000,000001ffffffffff,0000000000000000,,
2025-09-03 14:08:10.97023662 +0200 CEST m=+146.503270559,forestimatorWeb,S (sleeping),1010964 kB,1008656 kB,0 kB,0 kB,109300 kB,108548 kB,154964 kB,132 kB,1484 kB,99032 kB,500 kB,0 kB,0 kB,0,,13,0/63689,0000000000000000,0000000000000000,0000000000000000,0000000000000000,00000001018044e7,0000000000000000,0000000000000000,0000000000000000,000001ffffffffff,0000000000000000,,
2025-09-03 14:08:11.496911543 +0200 CEST m=+147.029945483,forestimatorWeb,S (sleeping),1010964 kB,1008656 kB,0 kB,0 kB,109300 kB,108548 kB,154964 kB,132 kB,1484 kB,99032 kB,500 kB,0 kB,0 kB,0,,13,1/63689,0000000000000000,0000000000000000,0000000000000000,0000000000000000,00000001018044e7,0000000000000000,0000000000000000,0000000000000000,000001ffffffffff,0000000000000000,,
2025-09-03 14:08:12.025680939 +0200 CEST m=+147.558714875,forestimatorWeb,S (sleeping),1010964 kB,1008656 kB,0 kB,0 kB,109300 kB,108548 kB,154964 kB,132 kB,1484 kB,99032 kB,500 kB,0 kB,0 kB,0,,13,0/63689,0000000000000000,0000000000000000,0000000000000000,0000000000000000,00000001018044e7,0000000000000000,0000000000000000,0000000000000000,000001ffffffffff,0000000000000000,,
