2025-09-11 12:00:04.127110425 +0200 CEST m=+0.521370444,SRSS - 0000000000000000
2025-09-11 12:00:04.127276439 +0200 CEST m=+0.521536468,SRRR - 0000000000000000
2025-09-11 12:00:04.127324777 +0200 CEST m=+0.521584790,SRSS - 0000000000000000
2025-09-11 12:00:04.127368512 +0200 CEST m=+0.521628524,SRSS - 0000000000000000
2025-09-11 12:00:04.127411356 +0200 CEST m=+0.521671368,SSSRSSSSSSSSSS - 0000000000000000
2025-09-11 12:00:04.127455703 +0200 CEST m=+0.521715716,SSSRSSSSSSSSSS - 0000000000000000
2025-09-11 12:00:04.561965426 +0200 CEST m=+0.956225455,SSRSSSSSSSSSSS - 0000000000000000
2025-09-11 12:00:04.562014908 +0200 CEST m=+0.956274914,SSSRSSSSSSSSSS - 0000000000000000
2025-09-11 12:00:04.562029499 +0200 CEST m=+0.956289507,SSRSSSSSSSSSSS - 0000000000000000
2025-09-11 12:00:04.562043208 +0200 CEST m=+0.956303216,SSSRSSSSSSSSSS - 0000000000000000
2025-09-11 12:00:04.562056716 +0200 CEST m=+0.956316723,SSRSSSSSSSSSSS - 0000000000000000
2025-09-11 12:00:04.562070118 +0200 CEST m=+0.956330126,SSSRSSSSSSSSSS - 0000000000000000
2025-09-11 12:00:05.35148699 +0200 CEST m=+1.745746998,SSRSSSSSSSSSSS - 0000000000000000
2025-09-11 12:00:05.35153383 +0200 CEST m=+1.745793840,SSSRSSSSSSSSSS - 0000000000000000
2025-09-11 12:00:05.351548615 +0200 CEST m=+1.745808624,SSRSSSSSSSSSSS - 0000000000000000
2025-09-11 12:00:05.35156284 +0200 CEST m=+1.745822848,SSRSSSSSSSSSSS - 0000000000000000
2025-09-11 12:00:05.351576679 +0200 CEST m=+1.745836687,SSRSSSSSSSSSSS - 0000000000000000
2025-09-11 12:00:05.351590615 +0200 CEST m=+1.745850625,SSSRSSSSSSSSSS - 0000000000000000
2025-09-11 12:00:05.573509606 +0200 CEST m=+1.967769616,SSSRSSSSSSSSSS - 0000000000000000
2025-09-11 12:00:05.573545749 +0200 CEST m=+1.967805755,SSRSSSSSSSSSSS - 0000000000000000
2025-09-11 12:00:05.573560617 +0200 CEST m=+1.967820622,SSSRSSSSSSSSSS - 0000000000000000
2025-09-11 12:00:05.573573096 +0200 CEST m=+1.967833102,SSRSSSSSSSSSSS - 0000000000000000
2025-09-11 12:00:05.573586689 +0200 CEST m=+1.967846694,SSSRSSSSSSSSSS - 0000000000000000
2025-09-11 12:00:05.573598867 +0200 CEST m=+1.967858873,SSRSSSSSSSSSSS - 0000000000000000
2025-09-11 12:00:06.262279343 +0200 CEST m=+2.656539352,SSSRSSSSSSSSSS - 0000000000000000
2025-09-11 12:00:06.262316503 +0200 CEST m=+2.656576511,SSSRSSSSSSSSSS - 0000000000000000
2025-09-11 12:00:06.262330825 +0200 CEST m=+2.656590832,SSSRSSSSSSSSSS - 0000000000000000
2025-09-11 12:00:06.262345131 +0200 CEST m=+2.656605138,SSSRSSSSSSSSSS - 0000000000000000
2025-09-11 12:00:06.262357969 +0200 CEST m=+2.656617975,SSSRSSSSSSSSSS - 0000000000000000
2025-09-11 12:00:06.262372475 +0200 CEST m=+2.656632483,SSSRSSSSSSSSSS - 0000000000000000
2025-09-11 12:00:06.485627215 +0200 CEST m=+2.879887221,SSRRSSSSSSSSSS - 0000000000000000
2025-09-11 12:00:06.48573085 +0200 CEST m=+2.879990856,SSRSSSSSSSSSSS - 0000000000000000
2025-09-11 12:00:06.485744815 +0200 CEST m=+2.880004820,SSRSSSSSSSSSSS - 0000000000000000
2025-09-11 12:00:06.485758167 +0200 CEST m=+2.880018171,SSSRSSSSSSSSSS - 0000000000000000
2025-09-11 12:00:06.485769914 +0200 CEST m=+2.880029918,SSRSSSSSSSSSSS - 0000000000000000
2025-09-11 12:00:06.485781432 +0200 CEST m=+2.880041438,SSRSSSSSSSSSSS - 0000000000000000
2025-09-11 12:00:06.876377079 +0200 CEST m=+3.270637106,SSSRSSSSSSSSSS - 0000000000000000
2025-09-11 12:00:06.876748877 +0200 CEST m=+3.271008883,SSRSSSSSSSSSSS - 0000000000000000
2025-09-11 12:00:06.876770573 +0200 CEST m=+3.271030578,SSSRSSSSSSSSSS - 0000000000000000
2025-09-11 12:00:06.876783241 +0200 CEST m=+3.271043247,SSRRSSSSSSSSSS - 0000000000000000
2025-09-11 12:00:06.876795434 +0200 CEST m=+3.271055439,SSSRSSSSSSSSSS - 0000000000000000
2025-09-11 12:00:06.876807558 +0200 CEST m=+3.271067563,SSRSSSSSSSSSSS - 0000000000000000
2025-09-11 12:00:07.240479295 +0200 CEST m=+3.634739299,SSRSSSSSSSSSSS - 0000000000000000
2025-09-11 12:00:07.24051165 +0200 CEST m=+3.634771655,SSRSSSSSSSSSSS - 0000000000000000
2025-09-11 12:00:07.240525907 +0200 CEST m=+3.634785911,SSRRSSSSSSSSSS - 0000000000000000
2025-09-11 12:00:07.240538184 +0200 CEST m=+3.634798190,SSSRSSSSSSSSSS - 0000000000000000
2025-09-11 12:00:07.240552964 +0200 CEST m=+3.634812962,SSSRSSSSSSSSSS - 0000000000000000
2025-09-11 12:00:07.240571706 +0200 CEST m=+3.634831711,SSRSSSSSSSSSSS - 0000000000000000
2025-09-11 12:00:07.576546922 +0200 CEST m=+3.970806931,SSRSSSSSSSSSSS - 0000000000000000
2025-09-11 12:00:07.576582741 +0200 CEST m=+3.970842747,SSRSSSSSSSSSSS - 0000000000000000
2025-09-11 12:00:07.576595766 +0200 CEST m=+3.970855771,SSRSSSSSSSSSSS - 0000000000000000
2025-09-11 12:00:07.57660799 +0200 CEST m=+3.970867995,SSRSSSSSSSSSSS - 0000000000000000
2025-09-11 12:00:07.57662019 +0200 CEST m=+3.970880195,SSRSSSSSSSSSSS - 0000000000000000
2025-09-11 12:00:07.576632237 +0200 CEST m=+3.970892242,SSRSSSSSSSSSSS - 0000000000000000
2025-09-11 12:00:08.170467868 +0200 CEST m=+4.564727875,SSSRSSSSSSSSSS - 0000000000000000
2025-09-11 12:00:08.170505057 +0200 CEST m=+4.564765062,SSSRSSSSSSSSSS - 0000000000000000
2025-09-11 12:00:08.170517629 +0200 CEST m=+4.564777634,SSRSSSSSSSSSSS - 0000000000000000
2025-09-11 12:00:08.170529399 +0200 CEST m=+4.564789403,SSSRSSSSSSSSSS - 0000000000000000
2025-09-11 12:00:08.170542426 +0200 CEST m=+4.564802432,SSRSSSSSSSSSSS - 0000000000000000
2025-09-11 12:00:08.170554116 +0200 CEST m=+4.564814120,SSRRSSSSSSSSSS - 0000000000000000
2025-09-11 12:00:08.387606291 +0200 CEST m=+4.781866298,SSSRSSSSSSSSSS - 0000000000000000
2025-09-11 12:00:08.387643859 +0200 CEST m=+4.781903866,SSSRSSSSSSSSSS - 0000000000000000
2025-09-11 12:00:08.387657531 +0200 CEST m=+4.781917537,SSRSSSSSSSSSSS - 0000000000000000
2025-09-11 12:00:08.387671654 +0200 CEST m=+4.781931660,SSSRSSSSSSSSSS - 0000000000000000
2025-09-11 12:00:08.387684337 +0200 CEST m=+4.781944343,SSRRSSSSSSSSSS - 0000000000000000
2025-09-11 12:00:08.38769831 +0200 CEST m=+4.781958309,SSSRSSSSSSSSSS - 0000000000000000
2025-09-11 12:00:08.937484541 +0200 CEST m=+5.331744551,SSSRSSSSSSSSSS - 0000000000000000
2025-09-11 12:00:08.937724427 +0200 CEST m=+5.331984441,SSSRSSSSSSSSSS - 0000000000000000
2025-09-11 12:00:08.937750208 +0200 CEST m=+5.332010221,SSRSSSSSSSSSSS - 0000000000000000
2025-09-11 12:00:08.937769285 +0200 CEST m=+5.332029299,SSSRSSSSSSSSSS - 0000000000000000
2025-09-11 12:00:08.937787829 +0200 CEST m=+5.332047840,SSRSSSSSSSSSSS - 0000000000000000
2025-09-11 12:00:08.937806338 +0200 CEST m=+5.332066352,SSSRSSSSSSSSSS - 0000000000000000
2025-09-11 12:00:10.077989368 +0200 CEST m=+6.472249377,SSRSSSSSSSSSSS - 0000000000000000
2025-09-11 12:00:10.078029039 +0200 CEST m=+6.472289044,SSSRSSSSSSSSSS - 0000000000000000
2025-09-11 12:00:10.078042256 +0200 CEST m=+6.472302262,SSSRSSSSSSSSSS - 0000000000000000
2025-09-11 12:00:10.07805707 +0200 CEST m=+6.472317074,SSRSSSSSSSSSSS - 0000000000000000
2025-09-11 12:00:10.078070673 +0200 CEST m=+6.472330679,SSSRSSSSSSSSSS - 0000000000000000
2025-09-11 12:00:10.07808341 +0200 CEST m=+6.472343415,SSRSSSSSSSSSSS - 0000000000000000
2025-09-11 12:00:10.683064187 +0200 CEST m=+7.077324227,SSRRSSSSSSSSSS - 0000000000000000
2025-09-11 12:00:10.683112481 +0200 CEST m=+7.077372493,SSSRSSSSSSSSSS - 0000000000000000
2025-09-11 12:00:10.683130351 +0200 CEST m=+7.077390364,SSSRSSSSSSSSSS - 0000000000000000
2025-09-11 12:00:10.683147076 +0200 CEST m=+7.077407088,SSRSSSSSSSSSSS - 0000000000000000
2025-09-11 12:00:10.683163532 +0200 CEST m=+7.077423543,SSRSSSSSSSSSSS - 0000000000000000
2025-09-11 12:00:10.683180248 +0200 CEST m=+7.077440259,SSRSSSSSSSSSSS - 0000000000000000
2025-09-11 12:00:11.550694995 +0200 CEST m=+7.944955013,SSSRSSSSSSSSSS - 0000000000000000
2025-09-11 12:00:11.550776306 +0200 CEST m=+7.945036312,SSSRSSSSSSSSSS - 0000000000000000
2025-09-11 12:00:11.550819286 +0200 CEST m=+7.945079299,SSRSSSSSSSSSSS - 0000000000000000
2025-09-11 12:00:11.550860257 +0200 CEST m=+7.945120264,SSSRSSSSSSSSSS - 0000000000000000
2025-09-11 12:00:11.550898752 +0200 CEST m=+7.945158758,SSRSSSSSSSSSSS - 0000000000000000
2025-09-11 12:00:11.550934733 +0200 CEST m=+7.945194738,SSRSSSSSSSSSSS - 0000000000000000
2025-09-11 12:00:11.824141079 +0200 CEST m=+8.218401087,SSRSSSSSSSSSSS - 0000000000000000
2025-09-11 12:00:11.824176047 +0200 CEST m=+8.218436050,SSRRSSSSSSSSSS - 0000000000000000
2025-09-11 12:00:11.824194714 +0200 CEST m=+8.218454718,SSRSSSSSSSSSSS - 0000000000000000
2025-09-11 12:00:11.824206733 +0200 CEST m=+8.218466738,SSRSSSSSSSSSSS - 0000000000000000
2025-09-11 12:00:11.824220291 +0200 CEST m=+8.218480295,SSSRSSSSSSSSSS - 0000000000000000
2025-09-11 12:00:11.824232361 +0200 CEST m=+8.218492366,SSSRSSSSSSSSSS - 0000000000000000
2025-09-11 12:00:12.044292398 +0200 CEST m=+8.438552406,SSSRSSSSSSSSSS - 0000000000000000
2025-09-11 12:00:12.04432894 +0200 CEST m=+8.438588946,SSRSSSSSSSSSSS - 0000000000000000
2025-09-11 12:00:12.044341455 +0200 CEST m=+8.438601459,SSSRSSSSSSSSSS - 0000000000000000
2025-09-11 12:00:12.044355016 +0200 CEST m=+8.438615021,SSRRSSSSSSSSSS - 0000000000000000
2025-09-11 12:00:12.044366691 +0200 CEST m=+8.438626696,SSRSSSSSSSSSSS - 0000000000000000
2025-09-11 12:00:12.044379949 +0200 CEST m=+8.438639954,SSSRSSSSSSSSSS - 0000000000000000
2025-09-11 12:00:12.394839915 +0200 CEST m=+8.789099935,SSRSSSSSSSSSSS - 0000000000000000
2025-09-11 12:00:12.394937823 +0200 CEST m=+8.789197841,SSSRSSSSSSSSSS - 0000000000000000
2025-09-11 12:00:12.394994788 +0200 CEST m=+8.789254805,SSRSSSSSSSSSSS - 0000000000000000
2025-09-11 12:00:12.395051038 +0200 CEST m=+8.789311057,SSSRSSSSSSSSSS - 0000000000000000
2025-09-11 12:00:12.395107307 +0200 CEST m=+8.789367327,SSRSSSSSSSSSSS - 0000000000000000
2025-09-11 12:00:12.395163179 +0200 CEST m=+8.789423201,SSSRSSSSSSSSSS - 0000000000000000
2025-09-11 12:00:13.094481886 +0200 CEST m=+9.488741917,SSRSSSSSSSSSSS - 0000000000000000
2025-09-11 12:00:13.094574359 +0200 CEST m=+9.488834387,SSSRSSSSSSSSSS - 0000000000000000
2025-09-11 12:00:13.094601719 +0200 CEST m=+9.488861748,SSRSSSSSSSSSSS - 0000000000000000
2025-09-11 12:00:13.094652661 +0200 CEST m=+9.488912689,SSRSSSSSSSSSSS - 0000000000000000
2025-09-11 12:00:13.094677762 +0200 CEST m=+9.488937792,SSSRSSSSSSSSSS - 0000000000000000
2025-09-11 12:00:13.09470607 +0200 CEST m=+9.488966099,SSSRSSSSSSSSSS - 0000000000000000
2025-09-11 12:00:14.146418152 +0200 CEST m=+10.540678162,SSSRSSSSSSSSSS - 0000000000000000
2025-09-11 12:00:14.146451802 +0200 CEST m=+10.540711811,SSSRSSSSSSSSSS - 0000000000000000
2025-09-11 12:00:14.146467334 +0200 CEST m=+10.540727342,SSRSSSSSSSSSSS - 0000000000000000
2025-09-11 12:00:14.146484107 +0200 CEST m=+10.540744116,SSRSSSSSSSSSSS - 0000000000000000
2025-09-11 12:00:14.146498848 +0200 CEST m=+10.540758858,SSRSSSSSSSSSSS - 0000000000000000
2025-09-11 12:00:14.146515844 +0200 CEST m=+10.540775853,SSSRSSSSSSSSSS - 0000000000000000
2025-09-11 12:00:15.792144485 +0200 CEST m=+12.186404490,SSSRSSSSSSSSSS - 0000000000000000
2025-09-11 12:00:15.792209208 +0200 CEST m=+12.186469214,SSSRSSSSSSSSSS - 0000000000000000
2025-09-11 12:00:15.792223052 +0200 CEST m=+12.186483056,SSRSSSSSSSSSSS - 0000000000000000
2025-09-11 12:00:15.792238929 +0200 CEST m=+12.186498933,SSSRSSSSSSSSSS - 0000000000000000
2025-09-11 12:00:15.792251517 +0200 CEST m=+12.186511522,SSSRSSSSSSSSSS - 0000000000000000
2025-09-11 12:00:15.792263546 +0200 CEST m=+12.186523553,SSRSSSSSSSSSSS - 0000000000000000
2025-09-11 12:00:17.103545327 +0200 CEST m=+13.497805332,SSRSSSSSSSSSSS - 0000000000000000
2025-09-11 12:00:17.103582286 +0200 CEST m=+13.497842290,SSRSSSSSSSSSSS - 0000000000000000
2025-09-11 12:00:17.103596628 +0200 CEST m=+13.497856633,SSSRSSSSSSSSSS - 0000000000000000
2025-09-11 12:00:17.103608708 +0200 CEST m=+13.497868714,SSSRSSSSSSSSSS - 0000000000000000
2025-09-11 12:00:17.103620639 +0200 CEST m=+13.497880644,SSRSSSSSSSSSSS - 0000000000000000
2025-09-11 12:00:17.103633839 +0200 CEST m=+13.497893843,SSRSSSSSSSSSSS - 0000000000000000
2025-09-11 12:00:17.241277084 +0200 CEST m=+13.635537096,SSRSSSSSSSSSSS - 0000000000000000
2025-09-11 12:00:17.241326748 +0200 CEST m=+13.635586756,SSSRSSSSSSSSSS - 0000000000000000
2025-09-11 12:00:17.241341841 +0200 CEST m=+13.635601849,SSRSSSSSSSSSSS - 0000000000000000
2025-09-11 12:00:17.241360093 +0200 CEST m=+13.635620094,SSRSSSSSSSSSSS - 0000000000000000
2025-09-11 12:00:17.241374409 +0200 CEST m=+13.635634418,SSRSSSSSSSSSSS - 0000000000000000
2025-09-11 12:00:17.241400347 +0200 CEST m=+13.635660355,SSSRSSSSSSSSSS - 0000000000000000
2025-09-11 12:00:18.869349568 +0200 CEST m=+15.263609598,SSSRSSSSSSSSSS - 0000000000000000
2025-09-11 12:00:18.869407161 +0200 CEST m=+15.263667184,SSSRSSSSSSSSSS - 0000000000000000
2025-09-11 12:00:18.869431764 +0200 CEST m=+15.263691791,SSSRSSSSSSSSSS - 0000000000000000
2025-09-11 12:00:18.869454754 +0200 CEST m=+15.263714778,SSRSSSSSSSSSSS - 0000000000000000
2025-09-11 12:00:18.869477341 +0200 CEST m=+15.263737365,SSSRSSSSSSSSSS - 0000000000000000
2025-09-11 12:00:18.869500042 +0200 CEST m=+15.263760067,SSRSSSSSSSSSSS - 0000000000000000
2025-09-11 12:00:19.505319274 +0200 CEST m=+15.899579281,SSSRSSSSSSSSSS - 0000000000000000
2025-09-11 12:00:19.505359404 +0200 CEST m=+15.899619410,SSRSSSSSSSSSSS - 0000000000000000
2025-09-11 12:00:19.505373458 +0200 CEST m=+15.899633464,SSRSSSSSSSSSSS - 0000000000000000
2025-09-11 12:00:19.505386564 +0200 CEST m=+15.899646571,SSSRSSSSSSSSSS - 0000000000000000
2025-09-11 12:00:19.505400492 +0200 CEST m=+15.899660499,SSSRSSSSSSSSSS - 0000000000000000
2025-09-11 12:00:19.505413615 +0200 CEST m=+15.899673621,SSSRSSSSSSSSSS - 0000000000000000
2025-09-11 12:00:20.320591282 +0200 CEST m=+16.714851290,SSRSSSSSSSSSSS - 0000000000000000
2025-09-11 12:00:20.320977643 +0200 CEST m=+16.715237655,SSRSSSSSSSSSSS - 0000000000000000
2025-09-11 12:00:20.321310158 +0200 CEST m=+16.715570166,SSSRSSSSSSSSSS - 0000000000000000
2025-09-11 12:00:20.321681445 +0200 CEST m=+16.715941451,SSSRSSSSSSSSSS - 0000000000000000
2025-09-11 12:00:20.321846546 +0200 CEST m=+16.716106551,SSRSSSSSSSSSSS - 0000000000000000
2025-09-11 12:00:20.32197887 +0200 CEST m=+16.716238874,SSSRSSSSSSSSSS - 0000000000000000
2025-09-11 12:00:21.616187314 +0200 CEST m=+18.010447331,SSRSSSSSSSSSSS - 0000000000000000
2025-09-11 12:00:21.616231722 +0200 CEST m=+18.010491737,SSRSSSSSSSSSSS - 0000000000000000
2025-09-11 12:00:21.61624898 +0200 CEST m=+18.010508993,SSSRSSSSSSSSSS - 0000000000000000
2025-09-11 12:00:21.616265368 +0200 CEST m=+18.010525382,SSRSSSSSSSSSSS - 0000000000000000
2025-09-11 12:00:21.616281482 +0200 CEST m=+18.010541495,SSRSSSSSSSSSSS - 0000000000000000
2025-09-11 12:00:21.616297445 +0200 CEST m=+18.010557458,SSRSSSSSSSSSSS - 0000000000000000
2025-09-11 12:00:23.709006524 +0200 CEST m=+20.103266600,SSRSSSSSSSSSSS - 0000000000000000
2025-09-11 12:00:23.709823675 +0200 CEST m=+20.104083710,SSSRSSSSSSSSSS - 0000000000000000
2025-09-11 12:00:23.709875085 +0200 CEST m=+20.104135117,SSSRSSSSSSSSSS - 0000000000000000
2025-09-11 12:00:23.71032705 +0200 CEST m=+20.104587085,SSSRSSSSSSSSSS - 0000000000000000
2025-09-11 12:00:23.710356792 +0200 CEST m=+20.104616826,SSSRSSSSSSSSSS - 0000000000000000
2025-09-11 12:00:23.710384936 +0200 CEST m=+20.104644969,SSRSSSSSSSSSSS - 0000000000000000
2025-09-11 12:00:25.548184199 +0200 CEST m=+21.942444292,SSRSSSSSSSSSSS - 0000000000000000
2025-09-11 12:00:25.548333421 +0200 CEST m=+21.942593470,SSRSSSSSSSSSSS - 0000000000000000
2025-09-11 12:00:25.548434095 +0200 CEST m=+21.942694137,SSRSSSSSSSSSSS - 0000000000000000
2025-09-11 12:00:25.548516203 +0200 CEST m=+21.942776236,SSSRSSSSSSSSSS - 0000000000000000
2025-09-11 12:00:25.548595279 +0200 CEST m=+21.942855312,SSRSSSSSSSSSSS - 0000000000000000
2025-09-11 12:00:25.548673281 +0200 CEST m=+21.942933317,SSRSSSSSSSSSSS - 0000000000000000
2025-09-11 12:00:26.447938601 +0200 CEST m=+22.842198624,SSSRSSSSSSSSSS - 0000000000000000
2025-09-11 12:00:26.447994056 +0200 CEST m=+22.842254076,SSSRSSSSSSSSSS - 0000000000000000
2025-09-11 12:00:26.448014721 +0200 CEST m=+22.842274739,SSRSSSSSSSSSSS - 0000000000000000
2025-09-11 12:00:26.448034739 +0200 CEST m=+22.842294757,SSRSSSSSSSSSSS - 0000000000000000
2025-09-11 12:00:26.448054094 +0200 CEST m=+22.842314113,SSSRSSSSSSSSSS - 0000000000000000
2025-09-11 12:00:26.448073552 +0200 CEST m=+22.842333571,SSSRSSSSSSSSSS - 0000000000000000
2025-09-11 12:00:27.863791652 +0200 CEST m=+24.258051659,SSRSSSSSSSSSSS - 0000000000000000
2025-09-11 12:00:27.863829137 +0200 CEST m=+24.258089144,SSSRSSSSSSSSSS - 0000000000000000
2025-09-11 12:00:27.863850211 +0200 CEST m=+24.258110217,SSRSSSSSSSSSSS - 0000000000000000
2025-09-11 12:00:27.863863473 +0200 CEST m=+24.258123479,SSSRSSSSSSSSSS - 0000000000000000
2025-09-11 12:00:27.863878007 +0200 CEST m=+24.258138015,SSSRSSSSSSSSSS - 0000000000000000
2025-09-11 12:00:27.863891118 +0200 CEST m=+24.258151125,SSSRSSSSSSSSSS - 0000000000000000
2025-09-11 12:00:29.985809156 +0200 CEST m=+26.380069194,SSSRSSSSSSSSSS - 0000000000000000
2025-09-11 12:00:29.987063974 +0200 CEST m=+26.381324014,SSSRSSSSSSSSSS - 0000000000000000
2025-09-11 12:00:29.987757653 +0200 CEST m=+26.382017693,SSRSSSSSSSSSSS - 0000000000000000
2025-09-11 12:00:29.988373041 +0200 CEST m=+26.382633067,SSRSSSSSSSSSSS - 0000000000000000
2025-09-11 12:00:29.988933364 +0200 CEST m=+26.383193392,SSSRSSSSSSSSSS - 0000000000000000
2025-09-11 12:00:29.989465156 +0200 CEST m=+26.383725181,SSRSSSSSSSSSSS - 0000000000000000
2025-09-11 12:00:30.956932559 +0200 CEST m=+27.351192569,SSSRSSSSSSSSSS - 0000000000000000
2025-09-11 12:00:30.957028958 +0200 CEST m=+27.351288972,SSSRSSSSSSSSSS - 0000000000000000
2025-09-11 12:00:30.957078341 +0200 CEST m=+27.351338351,SSSRSSSSSSSSSS - 0000000000000000
2025-09-11 12:00:30.957121698 +0200 CEST m=+27.351381707,SSSRSSSSSSSSSS - 0000000000000000
2025-09-11 12:00:30.957166302 +0200 CEST m=+27.351426311,SSRSSSSSSSSSSS - 0000000000000000
2025-09-11 12:00:30.957248025 +0200 CEST m=+27.351508036,SSSRSSSSSSSSSS - 0000000000000000
2025-09-11 12:00:31.504980086 +0200 CEST m=+27.899240123,SSRSSSSSSSSSSS - 0000000000000000
2025-09-11 12:00:31.505060517 +0200 CEST m=+27.899320552,SSSRSSSSSSSSSS - 0000000000000000
2025-09-11 12:00:31.505104937 +0200 CEST m=+27.899364973,SSRRSSSSSSSSSS - 0000000000000000
2025-09-11 12:00:31.505135769 +0200 CEST m=+27.899395805,SSSRSSSSSSSSSS - 0000000000000000
2025-09-11 12:00:31.505167488 +0200 CEST m=+27.899427522,SSSRSSSSSSSSSS - 0000000000000000
2025-09-11 12:00:31.505197748 +0200 CEST m=+27.899457785,SSSRSSSSSSSSSS - 0000000000000000
2025-09-11 12:00:33.170731657 +0200 CEST m=+29.564991707,SSRSSSSSSSSSSS - 0000000000000000
2025-09-11 12:00:33.170849336 +0200 CEST m=+29.565109361,SSRSSSSSSSSSSS - 0000000000000000
2025-09-11 12:00:33.17091693 +0200 CEST m=+29.565176954,SSSRSSSSSSSSSS - 0000000000000000
2025-09-11 12:00:33.170979811 +0200 CEST m=+29.565239833,SSRSSSSSSSSSSS - 0000000000000000
2025-09-11 12:00:33.171041722 +0200 CEST m=+29.565301746,SSSRSSSSSSSSSS - 0000000000000000
2025-09-11 12:00:33.17110322 +0200 CEST m=+29.565363244,SSRRSSSSSSSSSS - 0000000000000000
2025-09-11 12:00:33.637738882 +0200 CEST m=+30.031998888,SSSSSSSSSRSSSS - 0000000000000000
2025-09-11 12:00:33.637773346 +0200 CEST m=+30.032033352,SSSSSSSSSSSSSR - 0000000000000000
2025-09-11 12:00:33.637787145 +0200 CEST m=+30.032047151,SSSSSSSSSSSSSR - 0000000000000000
2025-09-11 12:00:33.637800243 +0200 CEST m=+30.032060250,SSRSSSSSSSSSSS - 0000000000000000
2025-09-11 12:00:33.637968667 +0200 CEST m=+30.032228689,SSSRRSSSSSSSSS - 0000000000000000
2025-09-11 12:00:33.637985555 +0200 CEST m=+30.032245560,SSSSRSSSSSSSSS - 0000000000000000
2025-09-11 12:00:34.010866773 +0200 CEST m=+30.405126790,SSSRSSSSSSSSSS - 0000000000000000
2025-09-11 12:00:34.010953795 +0200 CEST m=+30.405213805,SSSRSSSSSSSRSS - 0000000000000000
2025-09-11 12:00:34.010997856 +0200 CEST m=+30.405257864,SSSRSSSSSSSSSS - 0000000000000000
2025-09-11 12:00:34.011042129 +0200 CEST m=+30.405302137,SSSRSSSSSSSSSS - 0000000000000000
2025-09-11 12:00:34.011084394 +0200 CEST m=+30.405344402,SSSRSSSSSSSSSS - 0000000000000000
2025-09-11 12:00:34.011125029 +0200 CEST m=+30.405385037,SSSRSSSSSSSSSS - 0000000000000000
2025-09-11 12:00:35.298839328 +0200 CEST m=+31.693099342,SSRSSSSSSSSSSS - 0000000000000000
2025-09-11 12:00:35.298917115 +0200 CEST m=+31.693177123,SSRSSSSSSSSSSS - 0000000000000000
2025-09-11 12:00:35.298960082 +0200 CEST m=+31.693220091,SSSRSSSSSSSSSS - 0000000000000000
2025-09-11 12:00:35.298999755 +0200 CEST m=+31.693259764,SSSRSSSSSSSSSS - 0000000000000000
2025-09-11 12:00:35.299038673 +0200 CEST m=+31.693298682,SSRSSSSSSSSSSS - 0000000000000000
2025-09-11 12:00:35.29908869 +0200 CEST m=+31.693348700,SSRSSSSSSSSSSS - 0000000000000000
2025-09-11 12:00:35.950792575 +0200 CEST m=+32.345052580,SSRSSSSSSSSSSS - 0000000000000000
2025-09-11 12:00:35.950828679 +0200 CEST m=+32.345088684,SSSRSSSSSSSSSS - 0000000000000000
2025-09-11 12:00:35.950841418 +0200 CEST m=+32.345101423,SSRSSSSSSSSSSS - 0000000000000000
2025-09-11 12:00:35.950853281 +0200 CEST m=+32.345113286,SSSRSSSSSSSSSS - 0000000000000000
2025-09-11 12:00:35.950864933 +0200 CEST m=+32.345124937,SSRSSSSSSSSSSS - 0000000000000000
2025-09-11 12:00:35.950876598 +0200 CEST m=+32.345136603,SSSRSSSSSSSSSS - 0000000000000000
2025-09-11 12:00:36.993943097 +0200 CEST m=+33.388203119,SSSRSSSSSSSSSS - 0000000000000000
2025-09-11 12:00:36.993983861 +0200 CEST m=+33.388243864,SSRSSSSSSSSSSS - 0000000000000000
2025-09-11 12:00:36.993996561 +0200 CEST m=+33.388256565,SSSRSSSSSSSSSS - 0000000000000000
2025-09-11 12:00:36.994008713 +0200 CEST m=+33.388268719,SSSRSSSSSSSSSS - 0000000000000000
2025-09-11 12:00:36.994021831 +0200 CEST m=+33.388281838,SSRSSSSSSSSSSS - 0000000000000000
2025-09-11 12:00:36.994033729 +0200 CEST m=+33.388293734,SSSRSSSSSSSSSS - 0000000000000000
2025-09-11 12:00:37.453861307 +0200 CEST m=+33.848121389,SSSRSSSSSSSSSS - 0000000000000000
2025-09-11 12:00:37.453994748 +0200 CEST m=+33.848254785,SSSRSSSSSSSSSS - 0000000000000000
2025-09-11 12:00:37.454074342 +0200 CEST m=+33.848334373,SSSRSSSSSSSSSS - 0000000000000000
2025-09-11 12:00:37.45415096 +0200 CEST m=+33.848410989,SSRSSSSSSSSSSS - 0000000000000000
2025-09-11 12:00:37.454224662 +0200 CEST m=+33.848484693,SSRSSSSSSSSSSS - 0000000000000000
2025-09-11 12:00:37.454299181 +0200 CEST m=+33.848559219,SSSRSSSSSSSSSS - 0000000000000000
2025-09-11 12:00:38.253503572 +0200 CEST m=+34.647763586,SSRRSSSSSSSSSS - 0000000000000000
2025-09-11 12:00:38.253586911 +0200 CEST m=+34.647846927,SSSRSSSSSSSSSS - 0000000000000000
2025-09-11 12:00:38.253635382 +0200 CEST m=+34.647895397,SSSRSSSSSSSSSS - 0000000000000000
2025-09-11 12:00:38.253683505 +0200 CEST m=+34.647943520,SSRSSSSSSSSSSS - 0000000000000000
2025-09-11 12:00:38.253730145 +0200 CEST m=+34.647990159,SSRSSSSSSSSSSS - 0000000000000000
2025-09-11 12:00:38.253871109 +0200 CEST m=+34.648131125,SSSRSSSSSSSSSS - 0000000000000000
2025-09-11 12:00:38.646903887 +0200 CEST m=+35.041163893,SSSRSSSSSSSSSS - 0000000000000000
2025-09-11 12:00:38.646942199 +0200 CEST m=+35.041202204,SSSRSSSSSSSSSS - 0000000000000000
2025-09-11 12:00:38.646954771 +0200 CEST m=+35.041214775,SSSRSSSSSSSSSS - 0000000000000000
2025-09-11 12:00:38.646966752 +0200 CEST m=+35.041226756,SSSRSSSSSSSSSS - 0000000000000000
2025-09-11 12:00:38.646978681 +0200 CEST m=+35.041238688,SSRSSSSSSSSSSS - 0000000000000000
2025-09-11 12:00:38.646990466 +0200 CEST m=+35.041250473,SSSRSSSSSSSSSS - 0000000000000000
2025-09-11 12:00:39.787867477 +0200 CEST m=+36.182127511,SSRSSSSSSSSSSS - 0000000000000000
2025-09-11 12:00:39.787981311 +0200 CEST m=+36.182241334,SSSRSSSSSSSSSS - 0000000000000000
2025-09-11 12:00:39.788073441 +0200 CEST m=+36.182333464,SSRRSSSSSSSSSS - 0000000000000000
2025-09-11 12:00:39.788129397 +0200 CEST m=+36.182389416,SSRSSSSSSSSSSS - 0000000000000000
2025-09-11 12:00:39.7881841 +0200 CEST m=+36.182444119,SSSRSSSSSSSSSS - 0000000000000000
2025-09-11 12:00:39.788238677 +0200 CEST m=+36.182498696,SSSRSSSSSSSSSS - 0000000000000000
2025-09-11 12:00:40.869114836 +0200 CEST m=+37.263374888,SSSRSSSSSSSSSS - 0000000000000000
2025-09-11 12:00:40.869253489 +0200 CEST m=+37.263513526,SSSRSSSSSSSSSS - 0000000000000000
2025-09-11 12:00:40.869338059 +0200 CEST m=+37.263598095,SSSRSSSSSSSSSS - 0000000000000000
2025-09-11 12:00:40.869417305 +0200 CEST m=+37.263677339,SSSRSSSSSSSSSS - 0000000000000000
2025-09-11 12:00:40.869494679 +0200 CEST m=+37.263754712,SSSRSSSSSSSSSS - 0000000000000000
2025-09-11 12:00:40.869571853 +0200 CEST m=+37.263831887,SSRSSSSSSSSSSS - 0000000000000000
2025-09-11 12:00:42.473444842 +0200 CEST m=+38.867704872,SSSRSSSSSSSSSS - 0000000000000000
2025-09-11 12:00:42.473584846 +0200 CEST m=+38.867844869,SSSRSSSSSSSSSS - 0000000000000000
2025-09-11 12:00:42.473616703 +0200 CEST m=+38.867876726,SSSRSSSSSSSSSS - 0000000000000000
2025-09-11 12:00:42.473639457 +0200 CEST m=+38.867899480,SSRSSSSSSSSSSS - 0000000000000000
2025-09-11 12:00:42.473661752 +0200 CEST m=+38.867921774,SSSRSSSSSSSSSS - 0000000000000000
2025-09-11 12:00:42.473860257 +0200 CEST m=+38.868120279,SSSRSSSSSSSSSS - 0000000000000000
2025-09-11 12:00:44.411305301 +0200 CEST m=+40.805565422,SSSRSSSSSSSSSS - 0000000000000000
2025-09-11 12:00:44.411351126 +0200 CEST m=+40.805611143,SSRSSSSSSSSSSS - 0000000000000000
2025-09-11 12:00:44.411371543 +0200 CEST m=+40.805631561,SSRSSSSSSSSSSS - 0000000000000000
2025-09-11 12:00:44.411391439 +0200 CEST m=+40.805651457,SSSRSSSSSSSSSS - 0000000000000000
2025-09-11 12:00:44.411410778 +0200 CEST m=+40.805670795,SSSRSSSSSSSSSS - 0000000000000000
2025-09-11 12:00:44.411429892 +0200 CEST m=+40.805689913,SSRSSSSSSSSSSS - 0000000000000000
2025-09-11 12:00:46.424581492 +0200 CEST m=+42.818841511,SSRRSSSSSSSSSS - 0000000000000000
2025-09-11 12:00:46.424631447 +0200 CEST m=+42.818891466,SSSRSSSSSSSSSS - 0000000000000000
2025-09-11 12:00:46.4246525 +0200 CEST m=+42.818912520,SSSRSSSSSSSSSS - 0000000000000000
2025-09-11 12:00:46.42467224 +0200 CEST m=+42.818932259,SSRSSSSSSSSSSS - 0000000000000000
2025-09-11 12:00:46.424691502 +0200 CEST m=+42.818951522,SSRSSSSSSSSSSS - 0000000000000000
2025-09-11 12:00:46.424711039 +0200 CEST m=+42.818971057,SSSRSSSSSSSSSS - 0000000000000000
2025-09-11 12:00:48.704605521 +0200 CEST m=+45.098865541,SSRSSSSSSSSSSS - 0000000000000000
2025-09-11 12:00:48.70465625 +0200 CEST m=+45.098916267,SSSRSSSSSSSSSS - 0000000000000000
2025-09-11 12:00:48.704677568 +0200 CEST m=+45.098937586,SSSRSSSSSSSSSS - 0000000000000000
2025-09-11 12:00:48.704697517 +0200 CEST m=+45.098957534,SSRSSSSSSSSSSS - 0000000000000000
2025-09-11 12:00:48.704717836 +0200 CEST m=+45.098977854,SSRSSSSSSSSSSS - 0000000000000000
2025-09-11 12:00:48.704737559 +0200 CEST m=+45.098997577,SSRSSSSSSSSSSS - 0000000000000000
2025-09-11 12:00:49.859837199 +0200 CEST m=+46.254097232,SSRSSSSSSSSSSS - 0000000000000000
2025-09-11 12:00:49.859909454 +0200 CEST m=+46.254169486,SSSRSSSSSSSSSS - 0000000000000000
2025-09-11 12:00:49.859940176 +0200 CEST m=+46.254200211,SSSRSSSSSSSSSS - 0000000000000000
2025-09-11 12:00:49.859969199 +0200 CEST m=+46.254229236,SSSRSSSSSSSSSS - 0000000000000000
2025-09-11 12:00:49.859997886 +0200 CEST m=+46.254257920,SSSRSSSSSSSSSS - 0000000000000000
2025-09-11 12:00:49.860026819 +0200 CEST m=+46.254286852,SSRSSSSSSSSSSS - 0000000000000000
2025-09-11 12:00:50.468931445 +0200 CEST m=+46.863191451,SSRSSSSSSSSSSS - 0000000000000000
2025-09-11 12:00:50.46896777 +0200 CEST m=+46.863227774,SSRSSSSSSSSSSS - 0000000000000000
2025-09-11 12:00:50.46898067 +0200 CEST m=+46.863240676,SSRSSSSSSSSSSS - 0000000000000000
2025-09-11 12:00:50.468993972 +0200 CEST m=+46.863253977,SSRSSSSSSSSSSS - 0000000000000000
2025-09-11 12:00:50.469005668 +0200 CEST m=+46.863265673,SSRSSSSSSSSSSS - 0000000000000000
2025-09-11 12:00:50.469017302 +0200 CEST m=+46.863277306,SSRSSSSSSSSSSS - 0000000000000000
2025-09-11 12:00:51.46264826 +0200 CEST m=+47.856908281,SSSRSSSSSSSSSS - 0000000000000000
2025-09-11 12:00:51.462719022 +0200 CEST m=+47.856979029,SSSRSSSSSSSSSS - 0000000000000000
2025-09-11 12:00:51.462753672 +0200 CEST m=+47.857013677,SSRSSSSSSSSSSS - 0000000000000000
2025-09-11 12:00:51.462786428 +0200 CEST m=+47.857046434,SSSRSSSSSSSSSS - 0000000000000000
2025-09-11 12:00:51.46281839 +0200 CEST m=+47.857078395,SSRSSSSSSSSSSS - 0000000000000000
2025-09-11 12:00:51.462850041 +0200 CEST m=+47.857110045,SSRSSSSSSSSSSS - 0000000000000000
2025-09-11 12:00:52.513663154 +0200 CEST m=+48.907923159,SSSRSSSSSSSSSS - 0000000000000000
2025-09-11 12:00:52.513701408 +0200 CEST m=+48.907961414,SSSRSSSSSSSSSS - 0000000000000000
2025-09-11 12:00:52.51371644 +0200 CEST m=+48.907976445,SSRSSSSSSSSSSS - 0000000000000000
2025-09-11 12:00:52.513728571 +0200 CEST m=+48.907988578,SSSRSSSSSSSSSS - 0000000000000000
2025-09-11 12:00:52.513742774 +0200 CEST m=+48.908002778,SSSRSSSSSSSSSS - 0000000000000000
2025-09-11 12:00:52.513755068 +0200 CEST m=+48.908015073,SSSRSSSSSSSSSS - 0000000000000000
2025-09-11 12:00:52.966755633 +0200 CEST m=+49.361015639,SSSRSSSSSSSSSS - 0000000000000000
2025-09-11 12:00:52.966791322 +0200 CEST m=+49.361051327,SSSRSSSSSSSSSS - 0000000000000000
2025-09-11 12:00:52.966803725 +0200 CEST m=+49.361063731,SSSRSSSSSSSSSS - 0000000000000000
2025-09-11 12:00:52.966815976 +0200 CEST m=+49.361075981,SSSRSSSSSSSSSS - 0000000000000000
2025-09-11 12:00:52.966827767 +0200 CEST m=+49.361087774,SSRSSSSSSSSSSS - 0000000000000000
2025-09-11 12:00:52.966839309 +0200 CEST m=+49.361099314,SSSRSSSSSSSSSS - 0000000000000000
2025-09-11 12:00:53.294394027 +0200 CEST m=+49.688654035,SSRRSSSSSSSSSS - 0000000000000000
2025-09-11 12:00:53.294428332 +0200 CEST m=+49.688688337,SSSRSSSSSSSSSS - 0000000000000000
2025-09-11 12:00:53.294442505 +0200 CEST m=+49.688702509,SSRSSSSSSSSSSS - 0000000000000000
2025-09-11 12:00:53.294454634 +0200 CEST m=+49.688714639,SSRSSSSSSSSSSS - 0000000000000000
2025-09-11 12:00:53.294466617 +0200 CEST m=+49.688726621,SSSRSSSSSSSSSS - 0000000000000000
2025-09-11 12:00:53.294479463 +0200 CEST m=+49.688739468,SSSRSSSSSSSSSS - 0000000000000000
2025-09-11 12:00:54.016417759 +0200 CEST m=+50.410677764,SSRRSSSSSSSSSS - 0000000000000000
2025-09-11 12:00:54.016453914 +0200 CEST m=+50.410713919,SSSRSSSSSSSSSS - 0000000000000000
2025-09-11 12:00:54.016466866 +0200 CEST m=+50.410726871,SSSRSSSSSSSSSS - 0000000000000000
2025-09-11 12:00:54.016478752 +0200 CEST m=+50.410738756,SSSRSSSSSSSSSS - 0000000000000000
2025-09-11 12:00:54.016490851 +0200 CEST m=+50.410750857,SSSRSSSSSSSSSS - 0000000000000000
2025-09-11 12:00:54.016502567 +0200 CEST m=+50.410762571,SSRSSSSSSSSSSS - 0000000000000000
2025-09-11 12:00:54.817114828 +0200 CEST m=+51.211374835,SSSRSSSSSSSSSS - 0000000000000000
2025-09-11 12:00:54.817150203 +0200 CEST m=+51.211410208,SSRRSSSSSSSSSS - 0000000000000000
2025-09-11 12:00:54.817164258 +0200 CEST m=+51.211424263,SSRSSSSSSSSSSS - 0000000000000000
2025-09-11 12:00:54.817176128 +0200 CEST m=+51.211436132,SSSRSSSSSSSSSS - 0000000000000000
2025-09-11 12:00:54.81718781 +0200 CEST m=+51.211447815,SSRSSSSSSSSSSS - 0000000000000000
2025-09-11 12:00:54.8172013 +0200 CEST m=+51.211461305,SSSRSSSSSSSSSS - 0000000000000000
2025-09-11 12:00:55.104325926 +0200 CEST m=+51.498585931,SSSRSSSSSSSSSS - 0000000000000000
2025-09-11 12:00:55.104362598 +0200 CEST m=+51.498622603,SSRSSSSSSSSSSS - 0000000000000000
2025-09-11 12:00:55.104376755 +0200 CEST m=+51.498636754,SSSRSSSSSSSSSS - 0000000000000000
2025-09-11 12:00:55.104388703 +0200 CEST m=+51.498648707,SSRSSSSSSSSSSS - 0000000000000000
2025-09-11 12:00:55.104400176 +0200 CEST m=+51.498660181,SSRSSSSSSSSSSS - 0000000000000000
2025-09-11 12:00:55.104413684 +0200 CEST m=+51.498673689,SSSRSSSSSSSSSS - 0000000000000000
2025-09-11 12:00:55.424600308 +0200 CEST m=+51.818860313,SSSRSSSSSSSSSS - 0000000000000000
2025-09-11 12:00:55.424636725 +0200 CEST m=+51.818896729,SSSRSSSSSSSSSS - 0000000000000000
2025-09-11 12:00:55.424649315 +0200 CEST m=+51.818909320,SSSRSSSSSSSSSS - 0000000000000000
2025-09-11 12:00:55.42466121 +0200 CEST m=+51.818921215,SSRSSSSSSSSSSS - 0000000000000000
2025-09-11 12:00:55.424673019 +0200 CEST m=+51.818933025,SSRSSSSSSSSSSS - 0000000000000000
2025-09-11 12:00:55.424684622 +0200 CEST m=+51.818944628,SSRSSSSSSSSSSS - 0000000000000000
2025-09-11 12:00:55.77233519 +0200 CEST m=+52.166595197,SSRSSSSSSSSSSS - 0000000000000000
2025-09-11 12:00:55.772369554 +0200 CEST m=+52.166629558,SSRSSSSSSSSSSS - 0000000000000000
2025-09-11 12:00:55.772382601 +0200 CEST m=+52.166642605,SSRSSSSSSSSSSS - 0000000000000000
2025-09-11 12:00:55.772401292 +0200 CEST m=+52.166661297,SSRSSSSSSSSSSS - 0000000000000000
2025-09-11 12:00:55.772413199 +0200 CEST m=+52.166673204,SSRSSSSSSSSSSS - 0000000000000000
2025-09-11 12:00:55.77242673 +0200 CEST m=+52.166686734,SSSRSSSSSSSSSS - 0000000000000000
2025-09-11 12:00:57.572754807 +0200 CEST m=+53.967014813,SSRSSSSSSSSSSS - 0000000000000000
2025-09-11 12:00:57.572791336 +0200 CEST m=+53.967051342,SSRSSSSSSSSSSS - 0000000000000000
2025-09-11 12:00:57.572803905 +0200 CEST m=+53.967063910,SSSRSSSSSSSSSS - 0000000000000000
2025-09-11 12:00:57.572822201 +0200 CEST m=+53.967082206,SSSRSSSSSSSSSS - 0000000000000000
2025-09-11 12:00:57.572834061 +0200 CEST m=+53.967094065,SSRSSSSSSSSSSS - 0000000000000000
2025-09-11 12:00:57.572845829 +0200 CEST m=+53.967105834,SSSRSSSSSSSSSS - 0000000000000000
2025-09-11 12:00:58.991222126 +0200 CEST m=+55.385482219,SSSRSSSSSSSSSS - 0000000000000000
2025-09-11 12:00:58.991640814 +0200 CEST m=+55.385900876,SSRSSSSSSSSSSS - 0000000000000000
2025-09-11 12:00:58.991794305 +0200 CEST m=+55.386054344,SSSRSSSSSSSSSS - 0000000000000000
2025-09-11 12:00:58.991883364 +0200 CEST m=+55.386143401,SSSRSSSSSSSSSS - 0000000000000000
2025-09-11 12:00:58.99196842 +0200 CEST m=+55.386228458,SSRSSSSSSSSSSS - 0000000000000000
2025-09-11 12:00:58.992053555 +0200 CEST m=+55.386313590,SSRSSSSSSSSSSS - 0000000000000000
2025-09-11 12:01:00.819060507 +0200 CEST m=+57.213320521,SSRSSSSSSSSSSS - 0000000000000000
2025-09-11 12:01:00.819105224 +0200 CEST m=+57.213365238,SSSRSSSSSSSSSS - 0000000000000000
2025-09-11 12:01:00.819122766 +0200 CEST m=+57.213382781,SSSRSSSSSSSSSS - 0000000000000000
2025-09-11 12:01:00.819139492 +0200 CEST m=+57.213399506,SSRSSSSSSSSSSS - 0000000000000000
2025-09-11 12:01:00.819157406 +0200 CEST m=+57.213417420,SSRSSSSSSSSSSS - 0000000000000000
2025-09-11 12:01:00.81917423 +0200 CEST m=+57.213434243,SSSRSSSSSSSSSS - 0000000000000000
2025-09-11 12:01:02.822018395 +0200 CEST m=+59.216278429,SSSRSSSSSSSSSS - 0000000000000000
2025-09-11 12:01:02.822372978 +0200 CEST m=+59.216633020,SSSRSSSSSSSSSS - 0000000000000000
2025-09-11 12:01:02.822762548 +0200 CEST m=+59.217022590,SSRSSSSSSSSSSS - 0000000000000000
2025-09-11 12:01:02.823138077 +0200 CEST m=+59.217398106,SSRSSSSSSSSSSS - 0000000000000000
2025-09-11 12:01:02.823404279 +0200 CEST m=+59.217664308,SSSRSSSSSSSSSS - 0000000000000000
2025-09-11 12:01:02.823668923 +0200 CEST m=+59.217928951,SSRSSSSSSSSSSS - 0000000000000000
2025-09-11 12:01:04.045593805 +0200 CEST m=+60.439853820,SSRSSSSSSSSSSS - 0000000000000000
2025-09-11 12:01:04.045647371 +0200 CEST m=+60.439907385,SSSRSSSSSSSSSS - 0000000000000000
2025-09-11 12:01:04.045666191 +0200 CEST m=+60.439926204,SSSRSSSSSSSSSS - 0000000000000000
2025-09-11 12:01:04.04568583 +0200 CEST m=+60.439945844,SSRSSSSSSSSSSS - 0000000000000000
2025-09-11 12:01:04.045737279 +0200 CEST m=+60.439997295,SSRSSSSSSSSSSS - 0000000000000000
2025-09-11 12:01:04.045754618 +0200 CEST m=+60.440014631,SSRRSSSSSSSSSS - 0000000000000000
2025-09-11 12:01:04.287349467 +0200 CEST m=+60.681609486,SSSRSSSSSSSSSS - 0000000000000000
2025-09-11 12:01:04.287387432 +0200 CEST m=+60.681647453,SSSRSSSSSSSSSS - 0000000000000000
2025-09-11 12:01:04.28740271 +0200 CEST m=+60.681662715,SSSRSSSSSSSSSS - 0000000000000000
2025-09-11 12:01:04.287417259 +0200 CEST m=+60.681677263,SSSRSSSSSSSSSS - 0000000000000000
2025-09-11 12:01:04.287430692 +0200 CEST m=+60.681690697,SSSRSSSSSSSSSS - 0000000000000000
2025-09-11 12:01:04.287442734 +0200 CEST m=+60.681702738,SSSRSSSSSSSSSS - 0000000000000000
2025-09-11 12:01:04.500741918 +0200 CEST m=+60.895001924,SSRSSSSSSSSSSS - 0000000000000000
2025-09-11 12:01:04.500774993 +0200 CEST m=+60.895034999,SSSRSSSSSSSSSS - 0000000000000000
2025-09-11 12:01:04.500787658 +0200 CEST m=+60.895047663,SSRSSSSSSSSSSS - 0000000000000000
2025-09-11 12:01:04.500800997 +0200 CEST m=+60.895061002,SSRSSSSSSSSSSS - 0000000000000000
2025-09-11 12:01:04.50081302 +0200 CEST m=+60.895073024,SSSRSSSSSSSSSS - 0000000000000000
2025-09-11 12:01:04.500826614 +0200 CEST m=+60.895086618,SSRSSSSSSSSSSS - 0000000000000000
2025-09-11 12:01:04.728049073 +0200 CEST m=+61.122309083,SSSRSSSSSSSSSS - 0000000000000000
2025-09-11 12:01:04.728088545 +0200 CEST m=+61.122348554,SSSRSSSSSSSSSS - 0000000000000000
2025-09-11 12:01:04.728104116 +0200 CEST m=+61.122364125,SSRSSSSSSSSSSS - 0000000000000000
2025-09-11 12:01:04.728119028 +0200 CEST m=+61.122379037,SSRSSSSSSSSSSS - 0000000000000000
2025-09-11 12:01:04.728133439 +0200 CEST m=+61.122393452,SSSRSSSSSSSSSS - 0000000000000000
2025-09-11 12:01:04.728147869 +0200 CEST m=+61.122407879,SSRSSSSSSSSSSS - 0000000000000000
2025-09-11 12:01:05.001497227 +0200 CEST m=+61.395757246,SSSRSSSSSSSSSS - 0000000000000000
2025-09-11 12:01:05.001535291 +0200 CEST m=+61.395795313,SSRSSSSSSSSSSS - 0000000000000000
2025-09-11 12:01:05.001550114 +0200 CEST m=+61.395810123,SSRSSSSSSSSSSS - 0000000000000000
2025-09-11 12:01:05.001565984 +0200 CEST m=+61.395825993,SSRSSSSSSSSSSS - 0000000000000000
2025-09-11 12:01:05.001579542 +0200 CEST m=+61.395839551,SSRSSSSSSSSSSS - 0000000000000000
2025-09-11 12:01:05.001593376 +0200 CEST m=+61.395853384,SSSRSSSSSSSSSS - 0000000000000000
2025-09-11 12:01:05.944973283 +0200 CEST m=+62.339233317,SSRSSSSSSSSSSS - 0000000000000000
2025-09-11 12:01:05.945043218 +0200 CEST m=+62.339303247,SSRSSSSSSSSSSS - 0000000000000000
2025-09-11 12:01:05.945069851 +0200 CEST m=+62.339329879,SSSRSSSSSSSSSS - 0000000000000000
2025-09-11 12:01:05.945105212 +0200 CEST m=+62.339365243,SSSRSSSSSSSSSS - 0000000000000000
2025-09-11 12:01:05.945142646 +0200 CEST m=+62.339402676,SSSRSSSSSSSSSS - 0000000000000000
2025-09-11 12:01:05.945177149 +0200 CEST m=+62.339437166,SSRSSSSSSSSSSS - 0000000000000000
2025-09-11 12:01:07.366361242 +0200 CEST m=+63.760621260,SSSRSSSSSSSSSS - 0000000000000000
2025-09-11 12:01:07.366414249 +0200 CEST m=+63.760674266,SSSRSSSSSSSSSS - 0000000000000000
2025-09-11 12:01:07.366437534 +0200 CEST m=+63.760697554,SSRSSSSSSSSSSS - 0000000000000000
2025-09-11 12:01:07.366457172 +0200 CEST m=+63.760717189,SSRSSSSSSSSSSS - 0000000000000000
2025-09-11 12:01:07.366478476 +0200 CEST m=+63.760738494,SSSRSSSSSSSSSS - 0000000000000000
2025-09-11 12:01:07.366500544 +0200 CEST m=+63.760760562,SSSRSSSSSSSSSS - 0000000000000000
2025-09-11 12:01:08.65577177 +0200 CEST m=+65.050031793,SSRSSSSSSSSSSS - 0000000000000000
2025-09-11 12:01:08.655871603 +0200 CEST m=+65.050131628,SSRSSSSSSSSSSS - 0000000000000000
2025-09-11 12:01:08.655931308 +0200 CEST m=+65.050191328,SSSRSSSSSSSSSS - 0000000000000000
2025-09-11 12:01:08.655989531 +0200 CEST m=+65.050249553,SSRSSSSSSSSSSS - 0000000000000000
2025-09-11 12:01:08.656048925 +0200 CEST m=+65.050308947,SSRSSSSSSSSSSS - 0000000000000000
2025-09-11 12:01:08.656109125 +0200 CEST m=+65.050369146,SSSRSSSSSSSSSS - 0000000000000000
2025-09-11 12:01:09.300527933 +0200 CEST m=+65.694787959,SSSRSSSSSSSSSS - 0000000000000000
2025-09-11 12:01:09.300614418 +0200 CEST m=+65.694874423,SSRSSSSSSSSSSS - 0000000000000000
2025-09-11 12:01:09.300653195 +0200 CEST m=+65.694913200,SSSRSSSSSSSSSS - 0000000000000000
2025-09-11 12:01:09.300690249 +0200 CEST m=+65.694950254,SSSRSSSSSSSSSS - 0000000000000000
2025-09-11 12:01:09.300726052 +0200 CEST m=+65.694986058,SSRSSSSSSSSSSS - 0000000000000000
2025-09-11 12:01:09.30076175 +0200 CEST m=+65.695021755,SSRRSSSSSSSSSS - 0000000000000000
2025-09-11 12:01:09.539569248 +0200 CEST m=+65.933829273,SSSRSSSSSSSSSS - 0000000000000000
2025-09-11 12:01:09.539643912 +0200 CEST m=+65.933903918,SSSRSSSSSSSSSS - 0000000000000000
2025-09-11 12:01:09.53968523 +0200 CEST m=+65.933945235,SSSRSSSSSSSSSS - 0000000000000000
2025-09-11 12:01:09.539722222 +0200 CEST m=+65.933982228,SSSRSSSSSSSSSS - 0000000000000000
2025-09-11 12:01:09.53975756 +0200 CEST m=+65.934017567,SSSRSSSSSSSSSS - 0000000000000000
2025-09-11 12:01:09.53979324 +0200 CEST m=+65.934053247,SSSRSSSSSSSSSS - 0000000000000000
2025-09-11 12:01:09.75038226 +0200 CEST m=+66.144642265,SSSRSSSSSSSSSS - 0000000000000000
2025-09-11 12:01:09.750420435 +0200 CEST m=+66.144680441,SSRRSSSSSSSSSS - 0000000000000000
2025-09-11 12:01:09.750433723 +0200 CEST m=+66.144693730,SSSRSSSSSSSSSS - 0000000000000000
2025-09-11 12:01:09.750445905 +0200 CEST m=+66.144705910,SSRSSSSSSSSSSS - 0000000000000000
2025-09-11 12:01:09.750457737 +0200 CEST m=+66.144717742,SSSRSSSSSSSSSS - 0000000000000000
2025-09-11 12:01:09.75047029 +0200 CEST m=+66.144730294,SSSRSSSSSSSSSS - 0000000000000000
2025-09-11 12:01:10.083668916 +0200 CEST m=+66.477928932,SSRSSSSSSSSSSS - 0000000000000000
2025-09-11 12:01:10.083738135 +0200 CEST m=+66.477998140,SSRSSSSSSSSSSS - 0000000000000000
2025-09-11 12:01:10.08378011 +0200 CEST m=+66.478040114,SSRSSSSSSSSSSS - 0000000000000000
2025-09-11 12:01:10.083828744 +0200 CEST m=+66.478088750,SSSRSSSSSSSSSS - 0000000000000000
2025-09-11 12:01:10.083867209 +0200 CEST m=+66.478127215,SSRSSSSSSSSSSS - 0000000000000000
2025-09-11 12:01:10.083908703 +0200 CEST m=+66.478168707,SSSRSSSSSSSSSS - 0000000000000000
2025-09-11 12:01:10.390688249 +0200 CEST m=+66.784948256,SSRSSSSSSSSSSS - 0000000000000000
2025-09-11 12:01:10.390728455 +0200 CEST m=+66.784988459,SSRSSSSSSSSSSS - 0000000000000000
2025-09-11 12:01:10.390845976 +0200 CEST m=+66.785105981,SSSRSSSSSSSSSS - 0000000000000000
2025-09-11 12:01:10.390858569 +0200 CEST m=+66.785118574,SSRSSSSSSSSSSS - 0000000000000000
2025-09-11 12:01:10.39087051 +0200 CEST m=+66.785130515,SSRSSSSSSSSSSS - 0000000000000000
2025-09-11 12:01:10.390883889 +0200 CEST m=+66.785143895,SSSRSSSSSSSSSS - 0000000000000000
2025-09-11 12:01:10.66141251 +0200 CEST m=+67.055672556,SSSRSSSSSSSSSS - 0000000000000000
2025-09-11 12:01:10.661506637 +0200 CEST m=+67.055766658,SSSRSSSSSSSSSS - 0000000000000000
2025-09-11 12:01:10.661558844 +0200 CEST m=+67.055818857,SSSRSSSSSSSSSS - 0000000000000000
2025-09-11 12:01:10.66160444 +0200 CEST m=+67.055864452,SSRSSSSSSSSSSS - 0000000000000000
2025-09-11 12:01:10.661658082 +0200 CEST m=+67.055918094,SSSRSSSSSSSSSS - 0000000000000000
2025-09-11 12:01:10.661835677 +0200 CEST m=+67.056095688,SSRSSSSSSSSSSS - 0000000000000000
2025-09-11 12:01:11.035895372 +0200 CEST m=+67.430155405,SSSRSSSSSSSSSS - 0000000000000000
2025-09-11 12:01:11.035994112 +0200 CEST m=+67.430254137,SSSRSSSSSSSSSS - 0000000000000000
2025-09-11 12:01:11.036050075 +0200 CEST m=+67.430310093,SSRSSSSSSSSSSS - 0000000000000000
2025-09-11 12:01:11.036103706 +0200 CEST m=+67.430363724,SSSRSSSSSSSSSS - 0000000000000000
2025-09-11 12:01:11.036157016 +0200 CEST m=+67.430417033,SSSRSSSSSSSSSS - 0000000000000000
2025-09-11 12:01:11.036210738 +0200 CEST m=+67.430470755,SSSRSSSSSSSSSS - 0000000000000000
2025-09-11 12:01:11.265206805 +0200 CEST m=+67.659466824,SSRSSSSSSSSSSS - 0000000000000000
2025-09-11 12:01:11.265256752 +0200 CEST m=+67.659516756,SSRSSSSSSSSSSS - 0000000000000000
2025-09-11 12:01:11.265269794 +0200 CEST m=+67.659529800,SSSRSSSSSSSSSS - 0000000000000000
2025-09-11 12:01:11.265281918 +0200 CEST m=+67.659541922,SSSRSSSSSSSSSS - 0000000000000000
2025-09-11 12:01:11.265295138 +0200 CEST m=+67.659555142,SSSRSSSSSSSSSS - 0000000000000000
2025-09-11 12:01:11.265307042 +0200 CEST m=+67.659567047,SSRSSSSSSSSSSS - 0000000000000000
2025-09-11 12:01:11.556510135 +0200 CEST m=+67.950770143,SSRSSSSSSSSSSS - 0000000000000000
2025-09-11 12:01:11.556544254 +0200 CEST m=+67.950804262,SSSRSSSSSSSSSS - 0000000000000000
2025-09-11 12:01:11.55655683 +0200 CEST m=+67.950816835,SSRSSSSSSSSSSS - 0000000000000000
2025-09-11 12:01:11.556569445 +0200 CEST m=+67.950829449,SSSRSSSSSSSSSS - 0000000000000000
2025-09-11 12:01:11.556582266 +0200 CEST m=+67.950842271,SSSRSSSSSSSSSS - 0000000000000000
2025-09-11 12:01:11.556594082 +0200 CEST m=+67.950854086,SSSRSSSSSSSSSS - 0000000000000000
2025-09-11 12:01:12.247215646 +0200 CEST m=+68.641475658,SSRSSSSSSSSSSS - 0000000000000000
2025-09-11 12:01:12.247294389 +0200 CEST m=+68.641554402,SSRSSSSSSSSSSS - 0000000000000000
2025-09-11 12:01:12.247338813 +0200 CEST m=+68.641598821,SSSRSSSSSSSSSS - 0000000000000000
2025-09-11 12:01:12.247383068 +0200 CEST m=+68.641643075,SSSRSSSSSSSSSS - 0000000000000000
2025-09-11 12:01:12.247426549 +0200 CEST m=+68.641686558,SSRSSSSSSSSSSS - 0000000000000000
2025-09-11 12:01:12.247465841 +0200 CEST m=+68.641725849,SSRSSSSSSSSSSS - 0000000000000000
2025-09-11 12:01:13.608814127 +0200 CEST m=+70.003074211,SSSRSSSSSSSSSS - 0000000000000000
2025-09-11 12:01:13.608952273 +0200 CEST m=+70.003212318,SSRSSSSSSSSSSS - 0000000000000000
2025-09-11 12:01:13.609030104 +0200 CEST m=+70.003290135,SSRSSSSSSSSSSS - 0000000000000000
2025-09-11 12:01:13.609103578 +0200 CEST m=+70.003363609,SSRSSSSSSSSSSS - 0000000000000000
2025-09-11 12:01:13.609176767 +0200 CEST m=+70.003436799,SSSRSSSSSSSSSS - 0000000000000000
2025-09-11 12:01:13.609249614 +0200 CEST m=+70.003509646,SSRSSSSSSSSSSS - 0000000000000000
2025-09-11 12:01:14.592678926 +0200 CEST m=+70.986938934,SSSRSSSSSSSSSS - 0000000000000000
2025-09-11 12:01:14.592712878 +0200 CEST m=+70.986972883,SSSRSSSSSSSSSS - 0000000000000000
2025-09-11 12:01:14.592725567 +0200 CEST m=+70.986985571,SSRSSSSSSSSSSS - 0000000000000000
2025-09-11 12:01:14.592737439 +0200 CEST m=+70.986997443,SSSRSSSSSSSSSS - 0000000000000000
2025-09-11 12:01:14.592749375 +0200 CEST m=+70.987009379,SSRSSSSSSSSSSS - 0000000000000000
2025-09-11 12:01:14.592761093 +0200 CEST m=+70.987021099,SSSRSSSSSSSSSS - 0000000000000000
2025-09-11 12:01:15.587200427 +0200 CEST m=+71.981460453,SSRSSSSSSSSSSS - 0000000000000000
2025-09-11 12:01:15.587255547 +0200 CEST m=+71.981515571,SSRSSSSSSSSSSS - 0000000000000000
2025-09-11 12:01:15.587280569 +0200 CEST m=+71.981540593,SSRSSSSSSSSSSS - 0000000000000000
2025-09-11 12:01:15.587303811 +0200 CEST m=+71.981563836,SSRSSSSSSSSSSS - 0000000000000000
2025-09-11 12:01:15.587327862 +0200 CEST m=+71.981587886,SSRSSSSSSSSSSS - 0000000000000000
2025-09-11 12:01:15.587351218 +0200 CEST m=+71.981611242,SSRSSSSSSSSSSS - 0000000000000000
2025-09-11 12:01:16.979577539 +0200 CEST m=+73.373837546,SSSRSSSSSSSSSS - 0000000000000000
2025-09-11 12:01:16.979612472 +0200 CEST m=+73.373872478,SSRSSSSSSSSSSS - 0000000000000000
2025-09-11 12:01:16.979625392 +0200 CEST m=+73.373885396,SSRSSSSSSSSSSS - 0000000000000000
2025-09-11 12:01:16.979637329 +0200 CEST m=+73.373897334,SSSRSSSSSSSSSS - 0000000000000000
2025-09-11 12:01:16.979648989 +0200 CEST m=+73.373908994,SSRSSSSSSSSSSS - 0000000000000000
2025-09-11 12:01:16.979660796 +0200 CEST m=+73.373920801,SSRSSSSSSSSSSS - 0000000000000000
2025-09-11 12:01:18.18177633 +0200 CEST m=+74.576036370,SSRSSSSSSSSSSS - 0000000000000000
2025-09-11 12:01:18.182018237 +0200 CEST m=+74.576278271,SSSRSSSSSSSSSS - 0000000000000000
2025-09-11 12:01:18.182048378 +0200 CEST m=+74.576308413,SSRSSSSSSSSSSS - 0000000000000000
2025-09-11 12:01:18.182077548 +0200 CEST m=+74.576337580,SSSRSSSSSSSSSS - 0000000000000000
2025-09-11 12:01:18.18210629 +0200 CEST m=+74.576366325,SSSRSSSSSSSSSS - 0000000000000000
2025-09-11 12:01:18.182134681 +0200 CEST m=+74.576394714,SSSRSSSSSSSSSS - 0000000000000000
2025-09-11 12:01:19.460597781 +0200 CEST m=+75.854857788,SSSRSSSSSSSSSS - 0000000000000000
2025-09-11 12:01:19.460670739 +0200 CEST m=+75.854930752,SSRSSSSSSSSSSS - 0000000000000000
2025-09-11 12:01:19.46070894 +0200 CEST m=+75.854968946,SSRSSSSSSSSSSS - 0000000000000000
2025-09-11 12:01:19.460743977 +0200 CEST m=+75.855003983,SSRRSSSSSSSSSS - 0000000000000000
2025-09-11 12:01:19.460778633 +0200 CEST m=+75.855038639,SSRSSSSSSSSSSS - 0000000000000000
2025-09-11 12:01:19.460813289 +0200 CEST m=+75.855073294,SSSRSSSSSSSSSS - 0000000000000000
2025-09-11 12:01:20.178510182 +0200 CEST m=+76.572770189,SSSRSSSSSSSSSS - 0000000000000000
2025-09-11 12:01:20.178547911 +0200 CEST m=+76.572807916,SSSRSSSSSSSSSS - 0000000000000000
2025-09-11 12:01:20.178562292 +0200 CEST m=+76.572822297,SSSRSSSSSSSSSS - 0000000000000000
2025-09-11 12:01:20.178574613 +0200 CEST m=+76.572834617,SSRSSSSSSSSSSS - 0000000000000000
2025-09-11 12:01:20.178586825 +0200 CEST m=+76.572846830,SSSRSSSSSSSSSS - 0000000000000000
2025-09-11 12:01:20.178600063 +0200 CEST m=+76.572860068,SSRSSSSSSSSSSS - 0000000000000000
2025-09-11 12:01:20.744542188 +0200 CEST m=+77.138802193,SSRSSSSSSSSSSS - 0000000000000000
2025-09-11 12:01:20.744597059 +0200 CEST m=+77.138857063,SSRSSSSSSSSSSS - 0000000000000000
2025-09-11 12:01:20.744611265 +0200 CEST m=+77.138871270,SSRSSSSSSSSSSS - 0000000000000000
2025-09-11 12:01:20.744623258 +0200 CEST m=+77.138883263,SSRSSSSSSSSSSS - 0000000000000000
2025-09-11 12:01:20.744635193 +0200 CEST m=+77.138895197,SSSRSSSSSSSSSS - 0000000000000000
2025-09-11 12:01:20.744648347 +0200 CEST m=+77.138908351,SSRSSSSSSSSSSS - 0000000000000000
2025-09-11 12:01:21.633689427 +0200 CEST m=+78.027949450,SSSRSSSSSSSSSS - 0000000000000000
2025-09-11 12:01:21.633741372 +0200 CEST m=+78.028001382,SSRSSSSSSSSSSS - 0000000000000000
2025-09-11 12:01:21.633759378 +0200 CEST m=+78.028019388,SSSRSSSSSSSSSS - 0000000000000000
2025-09-11 12:01:21.633784177 +0200 CEST m=+78.028044187,SSRSSSSSSSSSSS - 0000000000000000
2025-09-11 12:01:21.633799849 +0200 CEST m=+78.028059861,SSSRSSSSSSSSSS - 0000000000000000
2025-09-11 12:01:21.63381555 +0200 CEST m=+78.028075561,SSSRSSSSSSSSSS - 0000000000000000
2025-09-11 12:01:22.471190878 +0200 CEST m=+78.865450886,SSSRSSSSSSSSSS - 0000000000000000
2025-09-11 12:01:22.471227353 +0200 CEST m=+78.865487360,SSSRSSSSSSSSSS - 0000000000000000
2025-09-11 12:01:22.471240661 +0200 CEST m=+78.865500667,SSSRSSSSSSSSSS - 0000000000000000
2025-09-11 12:01:22.471254788 +0200 CEST m=+78.865514794,SSRSSSSSSSSSSS - 0000000000000000
2025-09-11 12:01:22.471267405 +0200 CEST m=+78.865527410,SSRRSSSSSSSSSS - 0000000000000000
2025-09-11 12:01:22.471279622 +0200 CEST m=+78.865539628,SSSRSSSSSSSSSS - 0000000000000000
2025-09-11 12:01:23.013989867 +0200 CEST m=+79.408249875,SSRSSSSSSSSSSS - 0000000000000000
2025-09-11 12:01:23.014034463 +0200 CEST m=+79.408294471,SSRSSSSSSSSSSS - 0000000000000000
2025-09-11 12:01:23.014049119 +0200 CEST m=+79.408309129,SSSRSSSSSSSSSS - 0000000000000000
2025-09-11 12:01:23.014064591 +0200 CEST m=+79.408324597,SSRSSSSSSSSSSS - 0000000000000000
2025-09-11 12:01:23.014077695 +0200 CEST m=+79.408337702,SSSRSSSSSSSSSS - 0000000000000000
2025-09-11 12:01:23.014090974 +0200 CEST m=+79.408350983,SSSRSSSSSSSSSS - 0000000000000000
2025-09-11 12:01:23.230403129 +0200 CEST m=+79.624663138,SSRRSSSSSSSSSS - 0000000000000000
2025-09-11 12:01:23.230436637 +0200 CEST m=+79.624696644,SSRSSSSSSSSSSS - 0000000000000000
2025-09-11 12:01:23.230453091 +0200 CEST m=+79.624713097,SSRSSSSSSSSSSS - 0000000000000000
2025-09-11 12:01:23.230466297 +0200 CEST m=+79.624726303,SSSRSSSSSSSSSS - 0000000000000000
2025-09-11 12:01:23.230481092 +0200 CEST m=+79.624741099,SSSRSSSSSSSSSS - 0000000000000000
2025-09-11 12:01:23.230494155 +0200 CEST m=+79.624754162,SSRRSSSSSSSSSS - 0000000000000000
2025-09-11 12:01:23.576125725 +0200 CEST m=+79.970385735,SSRSSSSSSSSSSS - 0000000000000000
2025-09-11 12:01:23.57616602 +0200 CEST m=+79.970426025,SSRSSSSSSSSSSS - 0000000000000000
2025-09-11 12:01:23.576180438 +0200 CEST m=+79.970440437,SSRSSSSSSSSSSS - 0000000000000000
2025-09-11 12:01:23.576192968 +0200 CEST m=+79.970452973,SSRSSSSSSSSSSS - 0000000000000000
2025-09-11 12:01:23.576205136 +0200 CEST m=+79.970465141,SSRSSSSSSSSSSS - 0000000000000000
2025-09-11 12:01:23.576219003 +0200 CEST m=+79.970479009,SSRSSSSSSSSSSS - 0000000000000000
2025-09-11 12:01:24.15918955 +0200 CEST m=+80.553449576,SSSRSSSSSSSSSS - 0000000000000000
2025-09-11 12:01:24.159233537 +0200 CEST m=+80.553493548,SSRRSSSSSSSSSS - 0000000000000000
2025-09-11 12:01:24.159248818 +0200 CEST m=+80.553508827,SSRSSSSSSSSSSS - 0000000000000000
2025-09-11 12:01:24.159265128 +0200 CEST m=+80.553525130,SSSRSSSSSSSSSS - 0000000000000000
2025-09-11 12:01:24.159279721 +0200 CEST m=+80.553539731,SSSRSSSSSSSSSS - 0000000000000000
2025-09-11 12:01:24.159293925 +0200 CEST m=+80.553553934,SSRSSSSSSSSSSS - 0000000000000000
2025-09-11 12:01:25.108969204 +0200 CEST m=+81.503229215,SSSRSSSSSSSSSS - 0000000000000000
2025-09-11 12:01:25.109034029 +0200 CEST m=+81.503294033,SSSRSSSSSSSSSS - 0000000000000000
2025-09-11 12:01:25.109068516 +0200 CEST m=+81.503328520,SSRSSSSSSSSSSS - 0000000000000000
2025-09-11 12:01:25.109100876 +0200 CEST m=+81.503360880,SSRSSSSSSSSSSS - 0000000000000000
2025-09-11 12:01:25.109133022 +0200 CEST m=+81.503393027,SSSRSSSSSSSSSS - 0000000000000000
2025-09-11 12:01:25.109164435 +0200 CEST m=+81.503424439,SSRSSSSSSSSSSS - 0000000000000000
2025-09-11 12:01:25.392111276 +0200 CEST m=+81.786371281,SSSRSSSSSSSSSS - 0000000000000000
2025-09-11 12:01:25.392147771 +0200 CEST m=+81.786407775,SSSRSSSSSSSSSS - 0000000000000000
2025-09-11 12:01:25.392160438 +0200 CEST m=+81.786420442,SSRSSSSSSSSSSS - 0000000000000000
2025-09-11 12:01:25.392173096 +0200 CEST m=+81.786433100,SSSRSSSSSSSSSS - 0000000000000000
2025-09-11 12:01:25.39218655 +0200 CEST m=+81.786446555,SSRSSSSSSSSSSS - 0000000000000000
2025-09-11 12:01:25.392198952 +0200 CEST m=+81.786458957,SSRSSSSSSSSSSS - 0000000000000000
2025-09-11 12:01:26.162499479 +0200 CEST m=+82.556759488,SSRSSSSSSSSSSS - 0000000000000000
2025-09-11 12:01:26.16254457 +0200 CEST m=+82.556804578,SSRSSSSSSSSSSS - 0000000000000000
2025-09-11 12:01:26.162559112 +0200 CEST m=+82.556819120,SSRRSSSSSSSSSS - 0000000000000000
2025-09-11 12:01:26.162573938 +0200 CEST m=+82.556833946,SSRSSSSSSSSSSS - 0000000000000000
2025-09-11 12:01:26.162589711 +0200 CEST m=+82.556849719,SSSRSSSSSSSSSS - 0000000000000000
2025-09-11 12:01:26.162603385 +0200 CEST m=+82.556863394,SSSRSSSSSSSSSS - 0000000000000000
2025-09-11 12:01:27.67940986 +0200 CEST m=+84.073669875,SSSRSSSSSSSSSS - 0000000000000000
2025-09-11 12:01:27.679453479 +0200 CEST m=+84.073713493,SSRSSSSSSSSSSS - 0000000000000000
2025-09-11 12:01:27.679472575 +0200 CEST m=+84.073732591,SSRSSSSSSSSSSS - 0000000000000000
2025-09-11 12:01:27.679490188 +0200 CEST m=+84.073750202,SSRSSSSSSSSSSS - 0000000000000000
2025-09-11 12:01:27.679508097 +0200 CEST m=+84.073768112,SSSRSSSSSSSSSS - 0000000000000000
2025-09-11 12:01:27.679525599 +0200 CEST m=+84.073785615,SSSRSSSSSSSSSS - 0000000000000000
2025-09-11 12:01:29.94196935 +0200 CEST m=+86.336229417,SSSRSSSSSSSSSS - 0000000000000000
2025-09-11 12:01:29.942092201 +0200 CEST m=+86.336352238,SSRSSSSSSSSSSS - 0000000000000000
2025-09-11 12:01:29.942162586 +0200 CEST m=+86.336422612,SSRSSSSSSSSSSS - 0000000000000000
2025-09-11 12:01:29.942228963 +0200 CEST m=+86.336488987,SSRSSSSSSSSSSS - 0000000000000000
2025-09-11 12:01:29.942294291 +0200 CEST m=+86.336554316,SSRSSSSSSSSSSS - 0000000000000000
2025-09-11 12:01:29.942359474 +0200 CEST m=+86.336619499,SSSRSSSSSSSSSS - 0000000000000000
2025-09-11 12:01:31.158370293 +0200 CEST m=+87.552630298,SSSRSSSSSSSSSS - 0000000000000000
2025-09-11 12:01:31.158405909 +0200 CEST m=+87.552665914,SSRSSSSSSSSSSS - 0000000000000000
2025-09-11 12:01:31.158418546 +0200 CEST m=+87.552678551,SSRSSSSSSSSSSS - 0000000000000000
2025-09-11 12:01:31.158432339 +0200 CEST m=+87.552692341,SSRSSSSSSSSSSS - 0000000000000000
2025-09-11 12:01:31.158444395 +0200 CEST m=+87.552704399,SSSRSSSSSSSSSS - 0000000000000000
2025-09-11 12:01:31.158456298 +0200 CEST m=+87.552716302,SSSRSSSSSSSSSS - 0000000000000000
2025-09-11 12:01:31.681940457 +0200 CEST m=+88.076200486,SSSRSSSSSSSSSS - 0000000000000000
2025-09-11 12:01:31.682026039 +0200 CEST m=+88.076286046,SSRSSSSSSSSSSS - 0000000000000000
2025-09-11 12:01:31.682063534 +0200 CEST m=+88.076323540,SSRSSSSSSSSSSS - 0000000000000000
2025-09-11 12:01:31.682096227 +0200 CEST m=+88.076356232,SSSRSSSSSSSSSS - 0000000000000000
2025-09-11 12:01:31.682127613 +0200 CEST m=+88.076387617,SSRSSSSSSSSSSS - 0000000000000000
2025-09-11 12:01:31.682158091 +0200 CEST m=+88.076418095,SSRSSSSSSSSSSS - 0000000000000000
2025-09-11 12:01:32.459117111 +0200 CEST m=+88.853377191,SSSRSSSSSSSSSS - 0000000000000000
2025-09-11 12:01:32.459281872 +0200 CEST m=+88.853541908,SSRSSSSSSSSSSS - 0000000000000000
2025-09-11 12:01:32.459367534 +0200 CEST m=+88.853627568,SSRSSSSSSSSSSS - 0000000000000000
2025-09-11 12:01:32.459448004 +0200 CEST m=+88.853708039,SSSRSSSSSSSSSS - 0000000000000000
2025-09-11 12:01:32.459527178 +0200 CEST m=+88.853787212,SSSRSSSSSSSSSS - 0000000000000000
2025-09-11 12:01:32.459605937 +0200 CEST m=+88.853865970,SSRSSSSSSSSSSS - 0000000000000000
2025-09-11 12:01:33.624821721 +0200 CEST m=+90.019081741,SSSRSSSSSSSSSS - 0000000000000000
2025-09-11 12:01:33.624871435 +0200 CEST m=+90.019131445,SSRSSSSSSSSSSS - 0000000000000000
2025-09-11 12:01:33.624887653 +0200 CEST m=+90.019147663,SSSRSSSSSSSSSS - 0000000000000000
2025-09-11 12:01:33.624902429 +0200 CEST m=+90.019162439,SSSRSSSSSSSSSS - 0000000000000000
2025-09-11 12:01:33.624917517 +0200 CEST m=+90.019177526,SSRRSSSSSSSSSS - 0000000000000000
2025-09-11 12:01:33.624932332 +0200 CEST m=+90.019192341,SSRSSSSSSSSSSS - 0000000000000000
2025-09-11 12:01:34.125666948 +0200 CEST m=+90.519926959,SSSRSSSSSSSSSS - 0000000000000000
2025-09-11 12:01:34.125743988 +0200 CEST m=+90.520003995,SSSRSSSSSSSSSS - 0000000000000000
2025-09-11 12:01:34.1257585 +0200 CEST m=+90.520018507,SSSRSSSSSSSSSS - 0000000000000000
2025-09-11 12:01:34.125779625 +0200 CEST m=+90.520039632,SSSRSSSSSSSSSS - 0000000000000000
2025-09-11 12:01:34.125792777 +0200 CEST m=+90.520052785,SSSRSSSSSSSSSS - 0000000000000000
2025-09-11 12:01:34.125805836 +0200 CEST m=+90.520065842,SSSRSSSSSSSSSS - 0000000000000000
2025-09-11 12:01:34.509910862 +0200 CEST m=+90.904170873,SSSRSSSSSSSSSS - 0000000000000000
2025-09-11 12:01:34.509979388 +0200 CEST m=+90.904239400,SSSRSSSSSSSSSS - 0000000000000000
2025-09-11 12:01:34.509996277 +0200 CEST m=+90.904256288,SSSRSSSSSSSSSS - 0000000000000000
2025-09-11 12:01:34.510011539 +0200 CEST m=+90.904271550,SSSRSSSSSSSSSS - 0000000000000000
2025-09-11 12:01:34.510026852 +0200 CEST m=+90.904286863,SSSRSSSSSSSSSS - 0000000000000000
2025-09-11 12:01:34.510045486 +0200 CEST m=+90.904305496,SSSRSSSSSSSSSS - 0000000000000000
2025-09-11 12:01:35.898303258 +0200 CEST m=+92.292563281,SSRSSSSSSSSSSS - 0000000000000000
2025-09-11 12:01:35.898359434 +0200 CEST m=+92.292619455,SSRSSSSSSSSSSS - 0000000000000000
2025-09-11 12:01:35.898382905 +0200 CEST m=+92.292642929,SSRRSSSSSSSSSS - 0000000000000000
2025-09-11 12:01:35.898405288 +0200 CEST m=+92.292665310,SSSRSSSSSSSSSS - 0000000000000000
2025-09-11 12:01:35.898427233 +0200 CEST m=+92.292687256,SSRSSSSSSSSSSS - 0000000000000000
2025-09-11 12:01:35.898449064 +0200 CEST m=+92.292709086,SSRSSSSSSSSSSS - 0000000000000000
2025-09-11 12:01:37.524705404 +0200 CEST m=+93.918965418,SSSRSSSSSSSSSS - 0000000000000000
2025-09-11 12:01:37.524751324 +0200 CEST m=+93.919011337,SSRSSSSSSSSSSS - 0000000000000000
2025-09-11 12:01:37.524769702 +0200 CEST m=+93.919029716,SSRSSSSSSSSSSS - 0000000000000000
2025-09-11 12:01:37.524787116 +0200 CEST m=+93.919047128,SSSRSSSSSSSSSS - 0000000000000000
2025-09-11 12:01:37.524804263 +0200 CEST m=+93.919064277,SSRSSSSSSSSSSS - 0000000000000000
2025-09-11 12:01:37.524821539 +0200 CEST m=+93.919081555,SSRSSSSSSSSSSS - 0000000000000000
2025-09-11 12:01:39.494417257 +0200 CEST m=+95.888677273,SSSRSSSSSSSSSS - 0000000000000000
2025-09-11 12:01:39.49455549 +0200 CEST m=+95.888815509,SSSRSSSSSSSSSS - 0000000000000000
2025-09-11 12:01:39.494611171 +0200 CEST m=+95.888871190,SSSRSSSSSSSSSS - 0000000000000000
2025-09-11 12:01:39.494659372 +0200 CEST m=+95.888919386,SSRSSSSSSSSSSS - 0000000000000000
2025-09-11 12:01:39.494706043 +0200 CEST m=+95.888966058,SSRSSSSSSSSSSS - 0000000000000000
2025-09-11 12:01:39.494754106 +0200 CEST m=+95.889014120,SSSRSSSSSSSSSS - 0000000000000000
2025-09-11 12:01:40.196800944 +0200 CEST m=+96.591060994,SSRSSSSSSSSSSS - 0000000000000000
2025-09-11 12:01:40.196880401 +0200 CEST m=+96.591140441,SSRSSSSSSSSSSS - 0000000000000000
2025-09-11 12:01:40.196913845 +0200 CEST m=+96.591173883,SSSRSSSSSSSSSS - 0000000000000000
2025-09-11 12:01:40.196945664 +0200 CEST m=+96.591205702,SSSRSSSSSSSSSS - 0000000000000000
2025-09-11 12:01:40.196977138 +0200 CEST m=+96.591237177,SSRSSSSSSSSSSS - 0000000000000000
2025-09-11 12:01:40.197009207 +0200 CEST m=+96.591269248,SSSRSSSSSSSSSS - 0000000000000000
2025-09-11 12:01:42.62320909 +0200 CEST m=+99.017469117,SSRSSSSSSSSSSS - 0000000000000000
2025-09-11 12:01:42.623285161 +0200 CEST m=+99.017545175,SSRSSSSSSSSSSS - 0000000000000000
2025-09-11 12:01:42.623324888 +0200 CEST m=+99.017584895,SSRSSSSSSSSSSS - 0000000000000000
2025-09-11 12:01:42.623362267 +0200 CEST m=+99.017622275,SSRSSSSSSSSSSS - 0000000000000000
2025-09-11 12:01:42.623398924 +0200 CEST m=+99.017658931,SSSRSSSSSSSSSS - 0000000000000000
2025-09-11 12:01:42.623435544 +0200 CEST m=+99.017695550,SSSRSSSSSSSSSS - 0000000000000000
2025-09-11 12:01:43.551292237 +0200 CEST m=+99.945552325,SSRSSSSSSSSSSS - 0000000000000000
2025-09-11 12:01:43.551445029 +0200 CEST m=+99.945705087,SSSRSSSSSSSSSS - 0000000000000000
2025-09-11 12:01:43.551535645 +0200 CEST m=+99.945795682,SSSRSSSSSSSSSS - 0000000000000000
2025-09-11 12:01:43.551676866 +0200 CEST m=+99.945936902,SSRSSSSSSSSSSS - 0000000000000000
2025-09-11 12:01:43.551762731 +0200 CEST m=+99.946022768,SSRSSSSSSSSSSS - 0000000000000000
2025-09-11 12:01:43.551855987 +0200 CEST m=+99.946116025,SSRRSSSSSSSSSS - 0000000000000000
2025-09-11 12:01:45.19966829 +0200 CEST m=+101.593928299,SSSRSSSSSSSSSS - 0000000000000000
2025-09-11 12:01:45.199710463 +0200 CEST m=+101.593970471,SSRSSSSSSSSSSS - 0000000000000000
2025-09-11 12:01:45.199725185 +0200 CEST m=+101.593985194,SSRSSSSSSSSSSS - 0000000000000000
2025-09-11 12:01:45.199738818 +0200 CEST m=+101.593998826,SSSRSSSSSSSSSS - 0000000000000000
2025-09-11 12:01:45.19975325 +0200 CEST m=+101.594013259,SSRSSSSSSSSSSS - 0000000000000000
2025-09-11 12:01:45.199767036 +0200 CEST m=+101.594027048,SSSRSSSSSSSSSS - 0000000000000000
2025-09-11 12:01:45.47150552 +0200 CEST m=+101.865765531,SSRSSSSSSSSSSS - 0000000000000000
2025-09-11 12:01:45.471579579 +0200 CEST m=+101.865839588,SSRSSSSSSSSSSS - 0000000000000000
2025-09-11 12:01:45.471621076 +0200 CEST m=+101.865881085,SSRSSSSSSSSSSS - 0000000000000000
2025-09-11 12:01:45.471661182 +0200 CEST m=+101.865921191,SSSRSSSSSSSSSS - 0000000000000000
2025-09-11 12:01:45.471700756 +0200 CEST m=+101.865960765,SSSRSSSSSSSSSS - 0000000000000000
2025-09-11 12:01:45.471740144 +0200 CEST m=+101.866000154,SSRSSSSSSSSSSS - 0000000000000000
2025-09-11 12:01:45.782782356 +0200 CEST m=+102.177042361,SSRSSSSSSSSSSS - 0000000000000000
2025-09-11 12:01:45.782818701 +0200 CEST m=+102.177078705,SSSRSSSSSSSSSS - 0000000000000000
2025-09-11 12:01:45.782831506 +0200 CEST m=+102.177091512,SSRRSSSSSSSSSS - 0000000000000000
2025-09-11 12:01:45.782843709 +0200 CEST m=+102.177103714,SSSRSSSSSSSSSS - 0000000000000000
2025-09-11 12:01:45.782855833 +0200 CEST m=+102.177115838,SSSRSSSSSSSSSS - 0000000000000000
2025-09-11 12:01:45.782867734 +0200 CEST m=+102.177127739,SSRSSSSSSSSSSS - 0000000000000000
2025-09-11 12:01:46.059495603 +0200 CEST m=+102.453755614,SSRRSSSSSSSSSS - 0000000000000000
2025-09-11 12:01:46.059526804 +0200 CEST m=+102.453786811,SSRSSSSSSSSSSS - 0000000000000000
2025-09-11 12:01:46.059541245 +0200 CEST m=+102.453801252,SSRSSSSSSSSSSS - 0000000000000000
2025-09-11 12:01:46.059556573 +0200 CEST m=+102.453816580,SSSRSSSSSSSSSS - 0000000000000000
2025-09-11 12:01:46.059570107 +0200 CEST m=+102.453830115,SSRSSSSSSSSSSS - 0000000000000000
2025-09-11 12:01:46.059585353 +0200 CEST m=+102.453845361,SSSRSSSSSSSSSS - 0000000000000000
2025-09-11 12:01:46.455993952 +0200 CEST m=+102.850253958,SSRSSSSSSSSSSS - 0000000000000000
2025-09-11 12:01:46.456027489 +0200 CEST m=+102.850287495,SSRSSSSSSSSSSS - 0000000000000000
2025-09-11 12:01:46.456040026 +0200 CEST m=+102.850300031,SSSRSSSSSSSSSS - 0000000000000000
2025-09-11 12:01:46.456052509 +0200 CEST m=+102.850312513,SSRSSSSSSSSSSS - 0000000000000000
2025-09-11 12:01:46.456064477 +0200 CEST m=+102.850324483,SSSRSSSSSSSSSS - 0000000000000000
2025-09-11 12:01:46.45607625 +0200 CEST m=+102.850336255,SSRSSSSSSSSSSS - 0000000000000000
2025-09-11 12:01:46.809942745 +0200 CEST m=+103.204202760,SSRSSSSSSSSSSS - 0000000000000000
2025-09-11 12:01:46.810018257 +0200 CEST m=+103.204278267,SSRRSSSSSSSSSS - 0000000000000000
2025-09-11 12:01:46.810059693 +0200 CEST m=+103.204319700,SSRSSSSSSSSSSS - 0000000000000000
2025-09-11 12:01:46.810094035 +0200 CEST m=+103.204354041,SSRRSSSSSSSSSS - 0000000000000000
2025-09-11 12:01:46.810126916 +0200 CEST m=+103.204386920,SSRRSSSSSSSSSS - 0000000000000000
2025-09-11 12:01:46.810159599 +0200 CEST m=+103.204419604,SSRSSSSSSSSSSS - 0000000000000000
2025-09-11 12:01:47.307284654 +0200 CEST m=+103.701544697,SSSRSSSSSSSSSS - 0000000000000000
2025-09-11 12:01:47.307398549 +0200 CEST m=+103.701658568,SSRRSSSSSSSSSS - 0000000000000000
2025-09-11 12:01:47.307476556 +0200 CEST m=+103.701736574,SSRSSSSSSSSSSS - 0000000000000000
2025-09-11 12:01:47.307533115 +0200 CEST m=+103.701793138,SSSRSSSSSSSSSS - 0000000000000000
2025-09-11 12:01:47.307588369 +0200 CEST m=+103.701848388,SSSRSSSSSSSSSS - 0000000000000000
2025-09-11 12:01:47.30764378 +0200 CEST m=+103.701903800,SSSRSSSSSSSSSS - 0000000000000000
2025-09-11 12:01:48.123241014 +0200 CEST m=+104.517501020,SSRSSSSSSSSSSS - 0000000000000000
2025-09-11 12:01:48.12328827 +0200 CEST m=+104.517548276,SSSRSSSSSSSSSS - 0000000000000000
2025-09-11 12:01:48.123302943 +0200 CEST m=+104.517562947,SSRSSSSSSSSSSS - 0000000000000000
2025-09-11 12:01:48.123326241 +0200 CEST m=+104.517586245,SSSRSSSSSSSSSS - 0000000000000000
2025-09-11 12:01:48.123339387 +0200 CEST m=+104.517599391,SSRSSSSSSSSSSS - 0000000000000000
2025-09-11 12:01:48.123352092 +0200 CEST m=+104.517612098,SSSRSSSSSSSSSS - 0000000000000000
2025-09-11 12:01:48.460948929 +0200 CEST m=+104.855208937,SSSRSSSSSSSSSS - 0000000000000000
2025-09-11 12:01:48.460987381 +0200 CEST m=+104.855247387,SSRSSSSSSSSSSS - 0000000000000000
2025-09-11 12:01:48.461000638 +0200 CEST m=+104.855260643,SSRSSSSSSSSSSS - 0000000000000000
2025-09-11 12:01:48.461014731 +0200 CEST m=+104.855274736,SSSRSSSSSSSSSS - 0000000000000000
2025-09-11 12:01:48.461026785 +0200 CEST m=+104.855286789,SSRSSSSSSSSSSS - 0000000000000000
2025-09-11 12:01:48.461038776 +0200 CEST m=+104.855298781,SSSRSSSSSSSSSS - 0000000000000000
2025-09-11 12:01:49.200852433 +0200 CEST m=+105.595112476,SSRSSSSSSSSSSS - 0000000000000000
2025-09-11 12:01:49.200930925 +0200 CEST m=+105.595190935,SSRSSSSSSSSSSS - 0000000000000000
2025-09-11 12:01:49.200976288 +0200 CEST m=+105.595236296,SSSRSSSSSSSSSS - 0000000000000000
2025-09-11 12:01:49.201024479 +0200 CEST m=+105.595284488,SSSRSSSSSSSSSS - 0000000000000000
2025-09-11 12:01:49.201066991 +0200 CEST m=+105.595327000,SSSRSSSSSSSSSS - 0000000000000000
2025-09-11 12:01:49.201111414 +0200 CEST m=+105.595371423,SSSRSSSSSSSSSS - 0000000000000000
